,Season,Player,Team,J,A,2A,VE,SeasonOrder
0,1112,Ney,V. Setúbal,23,12,1,0,18.0
1,1112,Elias,Sporting CP,25,12,1,0,18.0
2,1112,Diogo Cunha,Feirense,27,11,0,0,18.0
3,1112,Joãozinho,Beira-Mar,26,11,2,0,18.0
4,1112,Maurício Fernandes,Olhanense,27,11,1,0,18.0
5,1112,Maxi Pereira,SL Benfica,25,11,0,0,18.0
6,1112,Luisinho,Paços Ferreira,28,11,1,0,18.0
7,1112,Abdoulaye Ba,Académica,21,10,0,4,18.0
8,1112,Luís Neto,Nacional,25,10,0,0,18.0
9,1112,André Leão,Paços Ferreira,27,10,0,0,18.0
10,1112,Miguelito,V. Setúbal,27,10,1,0,18.0
11,1112,Ricardo Silva,V. Setúbal,27,10,1,1,18.0
12,1112,Rafael Miranda,Marítimo,28,10,1,0,18.0
13,1112,Sténio Santos,Feirense,22,9,0,0,18.0
14,1112,Javi García,SL Benfica,22,9,0,0,18.0
15,1112,Edson Henrique,U. Leiria,20,9,1,0,18.0
16,1112,André Pinto,Olhanense,21,9,1,0,18.0
17,1112,Bruno Amaro,V. Setúbal,23,9,0,0,18.0
18,1112,Stijn Schaars,Sporting CP,26,9,1,0,18.0
19,1112,Álvaro Pereira,FC Porto,23,9,0,0,18.0
20,1213,Wíres,Rio Ave,28,13,1,0,19.0
21,1213,Marcos Rojo,Sporting CP,24,12,2,0,19.0
22,1213,Valentin Roberge,Marítimo,27,12,1,0,19.0
23,1213,Filipe Augusto,Rio Ave,26,11,1,0,19.0
24,1213,Filipe Gonçalves,Moreirense,27,11,0,0,19.0
25,1213,Manuel da Costa,Nacional,16,10,2,0,19.0
26,1213,Paulo Tavares,V. Setúbal,26,10,1,0,19.0
27,1213,Luiz Carlos,Paços Ferreira,27,10,2,0,19.0
28,1213,Marçal,Nacional,27,10,2,0,19.0
29,1213,Márcio Rozário,Marítimo,20,9,1,0,19.0
30,1213,Reiner,Académica,21,9,0,0,19.0
31,1213,Fernando,FC Porto,24,9,0,0,19.0
32,1213,Pedro Santos,V. Setúbal,28,9,1,0,19.0
33,1213,Jander,Olhanense,24,9,0,0,19.0
34,1213,Fito Rinaudo,Sporting CP,23,9,0,0,19.0
35,1213,Cláudio,Gil Vicente,24,9,2,0,19.0
36,1213,Moreno,Nacional,27,9,1,1,19.0
37,1213,Steven Vitória,Estoril,27,9,2,1,19.0
38,1213,Custódio,SC Braga,28,9,0,0,19.0
39,1213,Marcelo,Rio Ave,28,9,0,0,19.0
40,1314,Nuno Coelho,Arouca,26,13,2,0,20.0
41,1314,Alex Sandro,FC Porto,26,13,0,0,20.0
42,1314,Marcelo,Rio Ave,24,12,1,0,20.0
43,1314,Luís Martins,Gil Vicente,23,11,0,1,20.0
44,1314,André André,V. Guimarães,26,11,0,0,20.0
45,1314,Luís Tinoco,Arouca,25,11,1,0,20.0
46,1314,Tarantini,Rio Ave,26,11,1,0,20.0
47,1314,Danielson,Gil Vicente,26,11,1,0,20.0
48,1314,Marçal,Nacional,27,11,1,0,20.0
49,1314,Zainadine Júnior,Nacional,20,10,0,0,20.0
50,1314,Márcio Rozário,Marítimo,21,10,1,0,20.0
51,1314,Diego Lopes,Rio Ave,27,10,0,0,20.0
52,1314,Aly Ghazal,Nacional,26,10,0,1,20.0
53,1314,Marcelo Goiano,Académica,25,10,1,0,20.0
54,1314,João Meira,Belenenses,27,10,2,0,20.0
55,1314,Filipe Ferreira,Belenenses,28,10,0,0,20.0
56,1314,Cédric Soares,Sporting CP,28,10,0,0,20.0
57,1314,Nuno Lopes,Rio Ave,13,9,2,0,20.0
58,1314,Filipe Gonçalves,Estoril,24,9,1,0,20.0
59,1314,Jean Barrientos,V. Guimarães,26,9,0,0,20.0
60,1415,Casemiro,FC Porto,28,13,0,0,21.0
61,1415,Adrien Silva,Sporting CP,30,13,1,0,21.0
62,1415,Nani,Sporting CP,27,13,1,0,21.0
63,1415,Rúben Ferreira,Marítimo,28,13,0,0,21.0
64,1415,Saleh Gomaa,Nacional,23,12,2,0,21.0
65,1415,Bruno Gaspar,V. Guimarães,24,12,1,0,21.0
66,1415,Andreas Samaris,SL Benfica,28,12,0,0,21.0
67,1415,Bernard Mensah,V. Guimarães,30,12,1,0,21.0
68,1415,Yohan Tavares,Estoril,30,12,0,1,21.0
69,1415,Pedro Ribeiro,Penafiel,26,11,1,0,21.0
70,1415,Marcelo Oliveira,Moreirense,27,11,1,0,21.0
71,1415,William Carvalho,Sporting CP,30,11,1,0,21.0
72,1415,Dani Soares,V. Setúbal,29,11,0,0,21.0
73,1415,David Simão,Arouca,32,11,1,0,21.0
74,1415,André André,V. Guimarães,31,11,0,0,21.0
75,1415,Maxi Pereira,SL Benfica,32,11,0,0,21.0
76,1415,Rúben Ribeiro,"Gil Vicente, Paços de Ferreira",22,10,1,0,21.0
77,1415,Philipe Sampaio,Boavista,23,10,3,0,21.0
78,1415,Sérgio Oliveira,Paços Ferreira,26,10,1,0,21.0
79,1415,Alhassan Wakaso,Rio Ave,29,10,0,0,21.0
80,1516,Lucas Souza,Tondela,26,14,1,0,22.0
81,1516,Alhassan Wakaso,Rio Ave,30,14,0,0,22.0
82,1516,Pelé,Paços Ferreira,29,13,0,0,22.0
83,1516,Idris Mandiang,Boavista,30,13,2,0,22.0
84,1516,Amilton Silva,U. Madeira,31,13,0,0,22.0
85,1516,Adilson Goiano,Arouca,27,12,0,0,22.0
86,1516,Adrien Silva,Sporting CP,29,12,0,1,22.0
87,1516,Fernando Alexandre,Académica,27,12,1,0,22.0
88,1516,Marcelo Oliveira,Moreirense,29,12,0,0,22.0
89,1516,Diego Carlos,Estoril,31,12,3,0,22.0
90,1516,Gian Martins,U. Madeira,25,11,0,0,22.0
91,1516,João Costinha,V. Setúbal,28,11,1,0,22.0
92,1516,William Alves,V. Setúbal,29,11,0,0,22.0
93,1516,Fábio Pacheco,V. Setúbal,29,11,1,1,22.0
94,1516,Fransérgio,Marítimo,31,11,1,0,22.0
95,1516,David Simão,Arouca,18,10,0,0,22.0
96,1516,Nikola Vukčević,SC Braga,18,10,1,0,22.0
97,1516,Filipe Gonçalves,Moreirense,26,10,0,0,22.0
98,1516,Marvin Zeegelaar,"Sporting, Rio Ave",23,10,0,0,22.0
99,1516,Henrique Dourado,V. Guimarães,28,10,1,0,22.0
100,1617,Vítor Bruno,Feirense,30,14,0,0,23.0
101,1617,Fábio Martins,Desp. Chaves,29,12,1,0,23.0
102,1617,Tiago Silva,Feirense,27,11,1,0,23.0
103,1617,Bruno Santos,Paços Ferreira,29,11,1,0,23.0
104,1617,Pierre Sagna,Moreirense,30,11,1,0,23.0
105,1617,Ricardo Dias,Feirense,17,10,2,0,23.0
106,1617,Ailton Silva,Estoril,18,10,0,0,23.0
107,1617,Tobias Figueiredo,Nacional,22,10,3,0,23.0
108,1617,Paulinho,"GD Chaves, SC Braga",22,10,0,0,23.0
109,1617,Vítor Gomes,Belenenses,28,10,0,0,23.0
110,1617,Vasco Fernandes,V. Setúbal,31,10,0,0,23.0
111,1617,Nuno Pinto,V. Setúbal,31,10,0,0,23.0
112,1617,Marcelo,Rio Ave,31,10,0,1,23.0
113,1617,João Costinha,V. Setúbal,32,10,0,0,23.0
114,1617,Walter González,Arouca,33,9,0,0,23.0
115,1617,Ousmane Dramé,Moreirense,24,9,0,0,23.0
116,1617,Éber Bessa,Marítimo,27,9,0,0,23.0
117,1617,Lazar Rosic,SC Braga,23,9,1,0,23.0
118,1617,Nikola Vukcevic,SC Braga,25,9,0,1,23.0
119,1617,Cris Santos,Feirense,28,9,1,0,23.0
120,1718,Babanco,Feirense,29,14,0,0,24.0
121,1718,Tiago Silva,Feirense,29,14,1,0,24.0
122,1718,Hassan Yebda,Belenenses,25,13,3,0,24.0
123,1718,Ângelo Neto,Moreirense,29,12,0,0,24.0
124,1718,Pedro Sá,Portimonense,28,12,0,0,24.0
125,1718,Raphael Rossi,Boavista,30,11,0,0,24.0
126,1718,Stéphane Sparagna,Boavista,22,10,0,0,24.0
127,1718,Allano,Estoril,29,10,1,0,24.0
128,1718,Raul Silva,SC Braga,25,10,1,0,24.0
129,1718,Nikola Vukcevic,SC Braga,31,10,0,0,24.0
130,1718,Marcelo,Rio Ave,30,10,0,1,24.0
131,1718,Tomané,Tondela,32,10,0,0,24.0
132,1718,Tarantini,Rio Ave,31,10,0,0,24.0
133,1718,João Góis,Paços Ferreira,17,9,0,1,24.0
134,1718,Nélson Lenho,Desp. Aves,22,9,0,0,24.0
135,1718,Bruno Santos,Paços Ferreira,23,9,1,0,24.0
136,1718,André Sousa,Belenenses,30,9,0,0,24.0
137,1718,Matheus Pereira,Desp. Chaves,27,9,0,0,24.0
138,1718,David Simão,Boavista,27,9,0,0,24.0
139,1718,Miguel Cardoso,Tondela,32,9,0,0,24.0
140,1819,Vítor Bruno,Feirense,28,15,0,0,25.0
141,1819,Fábio Coentrão,Rio Ave,21,13,2,0,25.0
142,1819,Nemanja Gudelj,Sporting CP,27,13,0,0,25.0
143,1819,Júlio César,Nacional,28,13,0,0,25.0
144,1819,Alhassan Wakaso,V. Guimarães,30,12,1,0,25.0
145,1819,Éber Bessa,V. Setúbal,31,11,1,0,25.0
146,1819,Tiago Silva,Feirense,29,11,0,0,25.0
147,1819,Sebastián Coates,Sporting CP,31,11,1,0,25.0
148,1819,João Jaquité,Tondela,14,10,2,0,25.0
149,1819,Marcelo Goiano,SC Braga,29,10,0,0,25.0
150,1819,José Semedo,V. Setúbal,30,10,0,1,25.0
151,1819,Marcos Acuña,Sporting CP,30,10,1,0,25.0
152,1819,Felipe,FC Porto,31,10,0,0,25.0
153,1819,Rúben Dias,SL Benfica,32,10,0,0,25.0
154,1819,Jefferson Santos,Desp. Chaves,20,9,1,0,25.0
155,1819,Fransérgio,SC Braga,26,9,0,0,25.0
156,1819,Derley,Desp. Aves,30,9,0,0,25.0
157,1819,Zainadine Júnior,Marítimo,31,9,0,0,25.0
158,1819,Neris,Boavista,32,9,1,0,25.0
159,1819,Bruno Fernandes,Sporting CP,33,9,0,0,25.0
160,1920,José Semedo,V. Setúbal,29,14,2,0,26.0
161,1920,Mohamed Diaby,Paços Ferreira,27,13,0,0,26.0
162,1920,Yaw Ackah,Boavista,24,13,0,0,26.0
163,1920,Matheus Reis,Rio Ave,30,13,1,0,26.0
164,1920,Show,Belenenses,24,12,1,0,26.0
165,1920,Gustavo Assunção,Famalicão,30,12,0,0,26.0
166,1920,Ricardo Esgaio,SC Braga,30,12,0,0,26.0
167,1920,Fransérgio,SC Braga,26,11,0,1,26.0
168,1920,Carlinhos,V. Setúbal,30,11,0,0,26.0
169,1920,Filipe Augusto,Rio Ave,28,11,0,0,26.0
170,1920,Otávio,FC Porto,31,11,0,0,26.0
171,1920,Edgar Costa,Marítimo,27,10,0,1,26.0
172,1920,Rúben Ferreira,Marítimo,19,10,0,0,26.0
173,1920,Fabiano Leismann,Boavista,27,10,2,0,26.0
174,1920,Fábio Martins,Famalicão,29,10,1,1,26.0
175,1920,Sebastián Coates,Sporting CP,29,10,2,0,26.0
176,1920,Artur Jorge,V. Setúbal,30,10,0,0,26.0
177,1920,Willyan Rocha,Portimonense,16,9,1,0,26.0
178,1920,Nwankwo Obiora,Boavista,23,9,0,0,26.0
179,1920,Gabriel,SL Benfica,22,9,1,0,26.0
180,2021,Nicolás Otamendi,SL Benfica,23,12,0,0,27.0
181,2021,Fábio Pacheco,Moreirense,27,12,0,0,27.0
182,2021,Ygor Nogueira,Gil Vicente,22,11,1,1,27.0
183,2021,Fábio Cardoso,Santa Clara,24,11,1,0,27.0
184,2021,Henrique Buss,Belenenses,25,11,1,0,27.0
185,2021,João Afonso,Gil Vicente,20,10,1,0,27.0
186,2021,Larry Azouni,Nacional,23,10,0,0,27.0
187,2021,Gustavo Assunção,Famalicão,22,10,0,0,27.0
188,2021,Jean Irmer,Marítimo,25,10,1,0,27.0
189,2021,Bebeto,Tondela,21,9,1,0,27.0
190,2021,Pedro Augusto,Tondela,24,9,0,0,27.0
191,2021,Julian Weigl,SL Benfica,25,9,0,0,27.0
192,2021,Willyan Rocha,Portimonense,28,9,0,0,27.0
193,2021,Angel Gomes,Boavista,26,9,1,0,27.0
194,2021,Jorge Fernandes,V. Guimarães,26,9,0,1,27.0
195,2021,Pedrão,Nacional,26,9,0,0,27.0
196,2021,Dener,Portimonense,29,9,0,0,27.0
197,2021,Javi García,Boavista,20,8,2,0,27.0
198,2021,Anderson Carvalho,Santa Clara,26,8,0,0,27.0
199,2021,Renê Santos,Marítimo,24,8,0,0,27.0
200,9495,Sérgio Cruz,Gil Vicente,26,15,1,0,1.0
201,9495,Tanta,V. Guimarães,29,15,3,0,1.0
202,9495,King,Farense,29,15,3,0,1.0
203,9495,Bobó,Boavista,22,14,4,0,1.0
204,9495,Dragan Gacesa,U. Madeira,27,14,0,1,1.0
205,9495,Milton Mendes,U. Madeira,16,12,2,0,1.0
206,9495,Stevan Milovać,Salgueiros,26,12,0,0,1.0
207,9495,Pedro Miguel,Beira-Mar,27,12,1,1,1.0
208,9495,Paulinho,E. Amadora,31,12,1,0,1.0
209,9495,Chico Oliveira,Salgueiros,24,11,3,0,1.0
210,9495,Hugo Costa,Beira-Mar,26,11,3,0,1.0
211,9495,Sergei Yuran,FC Porto,23,10,2,0,1.0
212,9495,Bilro,U. Leiria,19,10,0,0,1.0
213,9495,Carlos Jorge,Marítimo,19,10,0,0,1.0
214,9495,Matias,V. Guimarães,20,10,1,0,1.0
215,9495,Cabral,Beira-Mar,30,10,2,0,1.0
216,9495,Claudio Caniggia,SL Benfica,24,10,0,2,1.0
217,9495,Mauro Airez,Belenenses,28,10,1,0,1.0
218,9495,Sérgio Duarte,Farense,28,10,0,0,1.0
219,9495,Tozé,Tirsense,29,10,1,0,1.0
220,9596,Sérgio Cruz,Gil Vicente,28,16,3,0,2.0
221,9596,Cao,Leça,26,15,2,1,2.0
222,9596,Rui Óscar,Leça,27,14,2,0,2.0
223,9596,Beto,Campomaiorense,18,13,3,0,2.0
224,9596,Lula,Belenenses,29,13,3,0,2.0
225,9596,Andrade,E. Amadora,26,12,1,0,2.0
226,9596,Costa,Felgueiras,27,12,1,0,2.0
227,9596,Eurico,Campomaiorense,28,12,1,1,2.0
228,9596,Artur Jorge,SC Braga,30,12,1,0,2.0
229,9596,Batista,Tirsense,30,12,0,0,2.0
230,9596,Sá Pinto,Sporting CP,26,11,1,0,2.0
231,9596,Paiva,Farense,30,11,2,0,2.0
232,9596,Stevan Milovac,Salgueiros,30,11,1,0,2.0
233,9596,Tahar El-Khalej,U. Leiria,22,10,3,1,2.0
234,9596,Jorge Costa,FC Porto,21,10,0,1,2.0
235,9596,Sérgio Abreu,SC Braga,25,10,0,0,2.0
236,9596,Gaspar,Tirsense,25,10,0,0,2.0
237,9596,Carlos Secretário,FC Porto,27,10,0,0,2.0
238,9596,Helcinho,Farense,29,10,1,0,2.0
239,9596,Litos,Boavista,27,10,1,0,2.0
240,9697,Peu,Rio Ave,27,17,3,0,3.0
241,9697,Filó,Sp. Espinho,25,14,3,0,3.0
242,9697,Paulito,U. Leiria,28,14,3,0,3.0
243,9697,Pedro Miguel,Farense,25,14,2,0,3.0
244,9697,Bilro,U. Leiria,31,14,1,0,3.0
245,9697,Chico Fonseca,Salgueiros,31,14,1,0,3.0
246,9697,Artur Jorge,SC Braga,32,14,1,0,3.0
247,9697,Alexandre,V. Guimarães,23,13,2,1,3.0
248,9697,Calado,SL Benfica,24,13,0,0,3.0
249,9697,Márcio Theodoro,Marítimo,26,13,2,0,3.0
250,9697,Mozer,SC Braga,31,13,1,2,3.0
251,9697,Paulo Lima Pereira,Rio Ave,28,13,0,0,3.0
252,9697,Márcio Luís,Sp. Espinho,29,13,0,1,3.0
253,9697,Luís Miguel,Sp. Espinho,28,13,2,0,3.0
254,9697,Oceano,Sporting CP,30,13,1,0,3.0
255,9697,Lino,Sp. Espinho,31,13,0,2,3.0
256,9697,Pedrosa,Sporting CP,32,13,1,0,3.0
257,9697,Rui Esteves,Belenenses,34,13,0,0,3.0
258,9697,Fonseca,E. Amadora,26,12,0,0,3.0
259,9697,Jordão,E. Amadora,31,12,1,0,3.0
260,9798,Srdjan Slagalo,Varzim,32,17,1,0,4.0
261,9798,Nail Besirovic,Farense,31,15,0,0,4.0
262,9798,Paulo Dias,Belenenses,20,14,2,0,4.0
263,9798,Mozer,SC Braga,27,14,2,0,4.0
264,9798,Luizão,Varzim,28,13,2,1,4.0
265,9798,Basílio Marques,Campomaiorense,29,13,2,0,4.0
266,9798,Andrade,Belenenses,30,13,1,0,4.0
267,9798,Abazaj,Académica,23,12,0,0,4.0
268,9798,Ryuler,Leça,21,12,4,0,4.0
269,9798,Mauro Soares,Farense,29,12,1,0,4.0
270,9798,Oceano,Sporting CP,27,12,1,0,4.0
271,9798,Caetano,Belenenses,28,12,1,0,4.0
272,9798,Pedro Miguel,Farense,30,12,2,0,4.0
273,9798,Litos,Boavista,32,12,0,1,4.0
274,9798,Joel,Campomaiorense,22,11,1,0,4.0
275,9798,Sousa,SL Benfica,25,11,0,0,4.0
276,9798,Filgueira,Belenenses,26,11,2,0,4.0
277,9798,António Miranda,Varzim,32,11,0,0,4.0
278,9798,Rched Mounir,Académica,29,11,1,1,4.0
279,9798,Rui Carlos,V. Setúbal,31,11,0,0,4.0
280,9899,Hugo Costa,Alverca,29,17,3,1,5.0
281,9899,Luizão,Desp. Chaves,29,16,2,1,5.0
282,9899,Mauro Soares,Campomaiorense,27,15,1,0,5.0
283,9899,Cao,Salgueiros,31,15,1,0,5.0
284,9899,Márcio Antônio,Marítimo,30,14,0,0,5.0
285,9899,Quevedo,Boavista,31,14,1,0,5.0
286,9899,Jorge Costa,FC Porto,33,14,0,0,5.0
287,9899,Caetano,Beira-Mar,30,13,0,0,5.0
288,9899,Beto,Sporting CP,28,13,1,0,5.0
289,9899,Rui Óscar,Marítimo,29,13,2,0,5.0
290,9899,Nail Besirovic,Farense,32,13,1,0,5.0
291,9899,João Manuel,U. Leiria,23,12,1,0,5.0
292,9899,Fusco,Beira-Mar,31,12,1,1,5.0
293,9899,Bilro,U. Leiria,31,12,1,0,5.0
294,9899,Hélio,V. Setúbal,33,12,1,1,5.0
295,9899,Litos,Boavista,32,12,2,0,5.0
296,9899,Fernando Mendes,FC Porto,19,11,0,0,5.0
297,9899,Luís Manuel,Boavista,22,11,2,0,5.0
298,9899,Chico Fonseca,Salgueiros,29,11,0,1,5.0
299,9899,Gouveia,Farense,30,11,0,0,5.0
300,9900,Torrão,Campomaiorense,31,17,3,0,6.0
301,9900,Paulo Sousa,Boavista,16,15,2,0,6.0
302,9900,Diogo,Alverca,25,15,2,0,6.0
303,9900,Predrag Jokanovic,Marítimo,27,14,0,0,6.0
304,9900,Peu,Rio Ave,27,14,1,1,6.0
305,9900,Cao,Campomaiorense,28,13,1,1,6.0
306,9900,Petit,Gil Vicente,30,13,0,0,6.0
307,9900,Pedro Lavoura,SC Braga,31,13,0,0,6.0
308,9900,Beke,Campomaiorense,29,13,2,1,6.0
309,9900,Albertino,Marítimo,32,13,1,0,6.0
310,9900,Kenedy,E. Amadora,25,12,0,0,6.0
311,9900,Poejo,Campomaiorense,28,12,1,0,6.0
312,9900,Hugo Costa,Alverca,25,12,2,0,6.0
313,9900,Barroso,SC Braga,30,12,0,0,6.0
314,9900,Jorge Costa,FC Porto,31,12,0,0,6.0
315,9900,Pedro Emanuel,Boavista,32,12,1,0,6.0
316,9900,Luís Manuel,Boavista,20,11,1,0,6.0
317,9900,Maniche,SL Benfica,28,11,1,0,6.0
318,9900,Lázaro,E. Amadora,29,11,2,1,6.0
319,9900,Litos,Boavista,30,11,0,0,6.0
320,0001,Cléber Lima,Belenenses,28,21,2,0,7.0
321,0001,Fernando Aguiar,Beira-Mar,30,17,2,1,7.0
322,0001,Guga,Belenenses,30,14,0,1,7.0
323,0001,Rafael,Paços Ferreira,31,14,1,0,7.0
324,0001,Deco,FC Porto,31,13,1,0,7.0
325,0001,Glauber,Paços Ferreira,30,13,2,0,7.0
326,0001,Petit,Boavista,26,12,1,1,7.0
327,0001,Lino,Marítimo,29,12,2,0,7.0
328,0001,Zé António,Alverca,29,12,0,0,7.0
329,0001,Bilro,U. Leiria,30,12,1,0,7.0
330,0001,Litos,Boavista,33,12,0,0,7.0
331,0001,José Vieira,Desp. Aves,19,11,1,0,7.0
332,0001,Predrag Jokanović,Marítimo,23,11,0,0,7.0
333,0001,Pedro Simões,E. Amadora,24,11,1,0,7.0
334,0001,Neves,Salgueiros,26,11,0,0,7.0
335,0001,Petar Krpan,U. Leiria,27,11,0,0,7.0
336,0001,Patacas,Campomaiorense,26,11,1,0,7.0
337,0001,João Manuel,U. Leiria,29,11,1,1,7.0
338,0001,Miguel Vaz,Campomaiorense,29,11,1,0,7.0
339,0001,Kenedy,E. Amadora,27,11,1,0,7.0
340,0102,Deco,FC Porto,30,17,2,0,8.0
341,0102,Adalberto,Paços Ferreira,31,14,0,1,8.0
342,0102,Cléber Lima,V. Guimarães,32,14,1,0,8.0
343,0102,Torrão,Alverca,30,13,0,1,8.0
344,0102,Sérgio Nunes,Santa Clara,29,13,1,0,8.0
345,0102,Costinha,FC Porto,29,12,1,0,8.0
346,0102,Barroso,SC Braga,26,12,0,0,8.0
347,0102,Luís Manuel,Beira-Mar,27,12,2,0,8.0
348,0102,Tinaia,Alverca,29,12,1,0,8.0
349,0102,João Manuel,U. Leiria,30,12,2,0,8.0
350,0102,Luís Loureiro,Gil Vicente,27,11,1,0,8.0
351,0102,Mário Jardel,Sporting CP,30,11,1,0,8.0
352,0102,Bilro,U. Leiria,32,11,0,1,8.0
353,0102,Briguel,Marítimo,23,10,1,0,8.0
354,0102,Nuno Frechaut,Boavista,25,10,0,0,8.0
355,0102,Ricardo Rocha,SC Braga,25,10,1,1,8.0
356,0102,Petit,Boavista,25,10,0,0,8.0
357,0102,Pedro Emanuel,Boavista,28,10,1,0,8.0
358,0102,Pedro Henriques,Belenenses,28,10,0,0,8.0
359,0102,Silas,U. Leiria,32,10,0,0,8.0
360,0203,Cléber Lima,V. Guimarães,31,17,1,2,
361,0203,Pepe,Marítimo,29,16,1,1,
362,0203,Deco,FC Porto,30,16,0,1,
363,0203,Nuno Amaro,Gil Vicente,29,14,2,1,
364,0203,Paulo Sousa,Paços Ferreira,30,13,2,1,
365,0203,Ricardo Silva,V. Guimarães,28,13,0,1,
366,0203,Pedro Santos,Boavista,19,12,3,0,
367,0203,Petit,SL Benfica,25,12,1,1,
368,0203,Filgueira,Belenenses,24,12,1,0,
369,0203,Fernando Aguiar,U. Leiria,28,12,0,1,
370,0203,Jorge Costa,FC Porto,26,12,1,0,
371,0203,Aldo,Santa Clara,27,12,0,0,
372,0203,Hugo Alcântara,V. Setúbal,28,12,1,0,
373,0203,Flávio Meireles,Moreirense,32,12,0,1,
374,0203,André Macanga,Académica,32,12,0,0,
375,0203,Arrieta,SC Braga,31,11,0,0,
376,0203,Sérgio Lomba,Moreirense,23,11,0,0,
377,0203,Castanheira,SC Braga,29,11,1,0,
378,0203,Luís Vouzela,Santa Clara,29,11,0,0,
379,0203,Luís Loureiro,Gil Vicente,30,11,1,0,
380,0304,Ferreira,Gil Vicente,30,15,1,0,
381,0304,Jaime Júnior,Rio Ave,28,14,0,2,
382,0304,Torrão,Alverca,30,14,0,1,
383,0304,Maniche,FC Porto,31,13,0,0,
384,0304,Rui Jorge,Sporting CP,29,13,2,0,
385,0304,Ávalos,Nacional,31,13,1,0,
386,0304,Luís Loureiro,Gil Vicente,28,12,1,0,
387,0304,Flávio Meireles,V. Guimarães,26,12,1,0,
388,0304,Mozer,Rio Ave,29,12,0,1,
389,0304,Ricardo Sousa,Boavista,32,12,0,0,
390,0304,Sérgio Lomba,Moreirense,30,12,0,0,
391,0304,Jorge Costa,FC Porto,19,11,0,0,
392,0304,Edson Canhão,U. Leiria,28,11,3,0,
393,0304,Deco,FC Porto,28,11,1,0,
394,0304,Pepe,Marítimo,30,11,0,2,
395,0304,Tonel,Académica,32,11,0,0,
396,0304,Petit,SL Benfica,23,10,0,0,
397,0304,Pedro Barbosa,Sporting CP,27,10,1,0,
398,0304,Ricardo Rocha,SL Benfica,25,10,1,1,
399,0304,Gaspar,Gil Vicente,28,10,1,1,
400,0405,Paulo Sousa,Estoril,21,16,1,1,11.0
401,0405,Hélder Rosário,Boavista,24,13,1,0,11.0
402,0405,Cléber Lima,V. Guimarães,27,13,2,0,11.0
403,0405,Cadú,Boavista,30,13,0,0,11.0
404,0405,Sérgio Lomba,Moreirense,30,13,2,0,11.0
405,0405,João Pedro,Estoril,31,13,1,0,11.0
406,0405,Damian Tixier,Académica,26,12,2,0,11.0
407,0405,Jorge Costa,FC Porto,22,12,1,0,11.0
408,0405,Alhandra,U. Leiria,28,12,1,0,11.0
409,0405,Ávalos,Nacional,32,12,0,0,11.0
410,0405,Grégory Arnolin,Gil Vicente,23,11,1,0,11.0
411,0405,Luís Coentrão,Gil Vicente,29,11,0,1,11.0
412,0405,Fernando Cardozo,Nacional,25,11,1,0,11.0
413,0405,Renato,U. Leiria,30,11,0,1,11.0
414,0405,Miguelito,Rio Ave,30,11,1,0,11.0
415,0405,Beto,Beira-Mar,31,11,1,0,11.0
416,0405,Liedson,Sporting CP,31,11,1,0,11.0
417,0405,Dionattan,Académica,20,10,0,0,11.0
418,0405,Arrieta,Estoril,21,10,1,0,11.0
419,0405,Gaúcho,Rio Ave,29,10,0,0,11.0
420,0506,Gilmar,Naval,29,17,1,0,12.0
421,0506,Cléber Lima,V. Guimarães,27,15,0,2,12.0
422,0506,Cadú,Boavista,28,15,1,0,12.0
423,0506,Paulo Sousa,Paços Ferreira,32,15,0,0,12.0
424,0506,Petit,SL Benfica,30,14,0,0,12.0
425,0506,Sá Pinto,Sporting CP,27,13,1,1,12.0
426,0506,Areias,Boavista,30,13,1,1,12.0
427,0506,Danielson,Rio Ave,30,13,1,1,12.0
428,0506,Manú,E. Amadora,31,13,1,1,12.0
429,0506,Santamaria,E. Amadora,22,12,0,0,12.0
430,0506,Nélson Veiga,Naval,26,12,0,0,12.0
431,0506,China,Naval,30,12,1,0,12.0
432,0506,Weligton,Penafiel,31,12,0,1,12.0
433,0506,Barrionuevo,Penafiel,15,11,1,0,12.0
434,0506,Pedro Silva,Académica,21,11,2,0,12.0
435,0506,Mozer,Rio Ave,26,11,1,1,12.0
436,0506,Modou Sougou,V. Setúbal,27,11,0,0,12.0
437,0506,Filipe Teixeira,Académica,30,11,1,0,12.0
438,0506,Pelé,Belenenses,32,11,0,0,12.0
439,0506,Ricardo Silva,Boavista,17,10,1,0,12.0
440,0607,Mércio Silva,Desp. Aves,27,12,0,0,13.0
441,0607,Amoreirinha,E. Amadora,28,12,0,0,13.0
442,0607,Geraldo Alves,Paços Ferreira,28,12,0,0,13.0
443,0607,Sérgio Carvalho,Desp. Aves,25,11,1,0,13.0
444,0607,Paulo Gomes,U. Leiria,28,11,1,0,13.0
445,0607,Sandro,V. Setúbal,26,10,1,0,13.0
446,0607,Alonso,Nacional,25,10,0,0,13.0
447,0607,Ricardo Silva,Boavista,26,10,0,0,13.0
448,0607,Kalifa Cissé,Boavista,27,10,1,0,13.0
449,0607,Filipe Anunciação,Desp. Aves,27,10,0,0,13.0
450,0607,Paulo Assunção,FC Porto,22,9,0,0,13.0
451,0607,Carlos Fernandes,SC Braga,20,9,0,0,13.0
452,0607,Binho,V. Setúbal,25,9,1,0,13.0
453,0607,Sérgio Nunes,Desp. Aves,28,9,1,0,13.0
454,0607,Milton do Ó,Marítimo,18,8,0,0,13.0
455,0607,Rui Duarte,E. Amadora,18,8,1,0,13.0
456,0607,Cândido Costa,Belenenses,24,8,1,0,13.0
457,0607,Rafał Grzelak,Boavista,28,8,1,0,13.0
458,0607,Mangualde,Paços Ferreira,23,8,0,1,13.0
459,0607,Roberto Brum,Académica,29,8,0,0,13.0
460,0708,Gabriel Gómez,Belenenses,25,12,1,0,
461,0708,Paulo Jorge,SC Braga,27,12,1,0,
462,0708,Cléber Monteiro,Nacional,25,11,1,0,
463,0708,João Pereira,SC Braga,27,11,1,0,
464,0708,César Peixoto,SC Braga,18,10,2,1,
465,0708,Gilmar,Naval,24,10,1,0,
466,0708,Davide,Naval,28,10,0,0,
467,0708,Anderson Polga,Sporting CP,25,10,0,0,
468,0708,Gilles Binya,SL Benfica,16,9,1,0,
469,0708,Fernando,E. Amadora,26,9,0,0,
470,0708,Hélder Cabral,E. Amadora,19,8,1,0,
471,0708,Cândido Costa,Belenenses,24,8,1,0,
472,0708,Matheus,"SC Braga, V. Setúbal",25,8,0,0,
473,0708,Delfim,Naval,23,8,1,0,
474,0708,Dédé,Paços Ferreira,25,8,0,0,
475,0708,Marcelão,Boavista,26,8,1,0,
476,0708,Kostas Katsouranis,SL Benfica,27,8,0,0,
477,0708,Abel Ferreira,Sporting CP,28,8,0,0,
478,0708,Tonel,Sporting CP,27,8,1,0,
479,0708,Patacas,Nacional,28,8,0,2,
480,0809,Mércio Silva,Trofense,25,12,1,0,15.0
481,0809,Derlei,Sporting CP,23,11,1,1,15.0
482,0809,Kostas Katsouranis,SL Benfica,24,11,1,0,15.0
483,0809,Patacas,Nacional,27,11,0,0,15.0
484,0809,Hassan Yebda,SL Benfica,25,10,1,0,15.0
485,0809,Vandinho,SC Braga,23,10,0,0,15.0
486,0809,André Vilas Boas,Rio Ave,25,10,1,0,15.0
487,0809,Miguel Lopes,Rio Ave,26,10,0,0,15.0
488,0809,Hugo Morais,Leixões,27,10,0,0,15.0
489,0809,Carciano,Belenenses,19,9,1,0,15.0
490,0809,Cândido Costa,Belenenses,20,9,0,0,15.0
491,0809,Rui Miguel,Paços Ferreira,24,9,0,0,15.0
492,0809,Hélder Barbosa,Trofense,28,9,0,0,15.0
493,0809,Roberto,Leixões,22,9,0,0,15.0
494,0809,Andrezinho,V. Guimarães,22,9,0,0,15.0
495,0809,Milton do Ó,Trofense,27,9,1,0,15.0
496,0809,Nenê,Nacional,28,9,0,0,15.0
497,0809,Gabriel Gómez,Belenenses,20,8,0,0,15.0
498,0809,Paulinho Teles,Trofense,19,8,0,1,15.0
499,0809,Filipe Anunciação,Paços Ferreira,24,8,0,0,15.0
500,0910,Tengarrinha,Olhanense,23,13,2,0,16.0
501,0910,Miguel Veloso,Sporting CP,25,13,1,0,16.0
502,0910,André Vilas Boas,Rio Ave,24,12,0,1,16.0
503,0910,Roberto,Marítimo,24,11,0,0,16.0
504,0910,Daniel Carriço,Sporting CP,25,11,1,0,16.0
505,0910,Nuno Assis,V. Guimarães,26,11,1,0,16.0
506,0910,Moreno,V. Guimarães,23,10,0,0,16.0
507,0910,Sílvio,Rio Ave,27,10,0,0,16.0
508,0910,Bruno Alves,FC Porto,27,10,0,0,16.0
509,0910,Patacas,Nacional,28,10,1,0,16.0
510,0910,Daniel Cruz,Naval,17,9,0,0,16.0
511,0910,João Pereira,"SC Braga, Sporting",25,9,0,0,16.0
512,0910,Javi García,SL Benfica,26,9,0,0,16.0
513,0910,Carlos Fernandes,Olhanense,26,9,0,1,16.0
514,0910,Ángel Di María,SL Benfica,26,9,0,1,16.0
515,0910,Fábio Faria,Rio Ave,27,9,0,0,16.0
516,0910,André Castro,Olhanense,28,9,0,0,16.0
517,0910,Miguel Garcia,"SC Braga, Olhanense",16,8,1,1,16.0
518,0910,Rui Baião,Olhanense,23,8,0,1,16.0
519,0910,Fábio Coentrão,SL Benfica,26,8,0,0,16.0
520,1011,Ney,V. Setúbal,23,16,2,0,17.0
521,1011,Pedro Silva,Portimonense,21,13,2,1,17.0
522,1011,André Leão,Paços Ferreira,25,12,0,0,17.0
523,1011,Maurício Fernandes,Olhanense,26,12,0,0,17.0
524,1011,Paulo Sérgio,U. Leiria,17,11,1,0,17.0
525,1011,Maxi Pereira,SL Benfica,26,11,0,0,17.0
526,1011,André Pinto,Portimonense,26,11,0,0,17.0
527,1011,Gaspar,Rio Ave,26,11,0,0,17.0
528,1011,Robson,Marítimo,26,11,1,1,17.0
529,1011,Alonso,Marítimo,22,10,1,1,17.0
530,1011,Tarantini,Rio Ave,28,10,0,0,17.0
531,1011,Alex,V. Guimarães,28,10,0,0,17.0
532,1011,Rui Miguel,V. Guimarães,21,9,0,0,17.0
533,1011,Sílvio,SC Braga,20,9,0,0,17.0
534,1011,Vandinho,SC Braga,23,9,1,0,17.0
535,1011,Fábio Coentrão,SL Benfica,23,9,2,0,17.0
536,1011,Valentin Roberge,Marítimo,25,9,0,0,17.0
537,1011,Luís Alberto,Nacional,25,9,1,0,17.0
538,1011,João Moutinho,FC Porto,27,9,0,0,17.0
539,1011,Ricardo Silva,V. Setúbal,26,9,1,0,17.0
