,Season,Player,Team,J,G,PEN,AG,MPG,GTIT,GSUP,GPTS,GVIT,GRVV,PGE,SeasonOrder
0,9495,Hassan Nader,Farense,31,21,3,0,131,21,0,1,5,0,48,1.0
1,9495,Domingos Paciência,FC Porto,32,19,2,0,114,17,2,0,2,0,26,1.0
2,9495,Marcelo,Tirsense,33,17,3,0,163,17,0,0,3,0,49,1.0
3,9495,Artur,Boavista,32,16,4,0,175,16,0,1,1,0,40,1.0
4,9495,Edmílson,Salgueiros,34,15,1,0,198,15,0,1,2,0,35,1.0
5,9495,Isaías,SL Benfica,23,14,0,0,128,12,2,2,1,1,23,1.0
6,9495,Edinho,Desp. Chaves,32,14,4,0,194,13,1,1,2,0,42,1.0
7,9495,Paulo Alves,Marítimo,33,14,1,0,199,14,0,1,3,0,34,1.0
8,9495,Nelson Bertollazzi,U. Leiria,32,12,0,0,235,12,0,1,2,2,29,1.0
9,9495,Alex Bunbury,Marítimo,33,11,0,0,253,11,0,0,2,1,27,1.0
10,9495,Andrzej Juskowiak,Sporting CP,25,10,0,0,199,10,0,0,2,0,17,1.0
11,9495,Ivaylo Yordanov,Sporting CP,16,9,0,0,148,9,0,0,2,0,15,1.0
12,9495,Edílson,SL Benfica,23,9,0,0,187,8,1,1,1,0,15,1.0
13,9495,Rui Barros,FC Porto,27,9,0,0,189,8,1,0,0,0,12,1.0
14,9495,Erwin Sánchez,Boavista,31,9,0,0,272,9,0,2,1,0,23,1.0
15,9495,Gilmar,V. Guimarães,31,9,1,0,283,8,1,2,1,0,17,1.0
16,9495,Claudio Caniggia,SL Benfica,24,8,1,0,248,8,0,0,0,0,13,1.0
17,9495,Zé Carlos Nascimento,FC Porto,28,8,0,0,308,8,0,0,0,0,11,1.0
18,9495,Makopoloka Mangonga,Gil Vicente,25,7,0,0,234,4,3,0,1,0,23,1.0
19,9495,Emmanuel Amuneke,Sporting CP,21,7,0,0,248,7,0,1,2,0,12,1.0
20,9596,Domingos Paciência,FC Porto,29,25,2,0,97,25,0,0,6,1,30,2.0
21,9596,João Vieira Pinto,SL Benfica,31,18,2,0,151,18,0,0,2,0,31,2.0
22,9596,Edinho,V. Guimarães,32,15,3,0,128,13,2,0,3,0,27,2.0
23,9596,Constantino,Leça,30,15,3,0,138,13,2,1,3,0,52,2.0
24,9596,Lewis,Felgueiras,33,15,1,0,181,15,0,2,1,0,52,2.0
25,9596,Artur,Boavista,32,14,3,0,190,14,0,0,1,0,24,2.0
26,9596,Maurício Cabedelo,U. Leiria,25,13,2,0,143,11,2,0,3,0,34,2.0
27,9596,Edmílson,FC Porto,31,13,1,0,179,13,0,0,2,0,15,2.0
28,9596,Jimmy Hasselbaink,Campomaiorense,31,12,0,0,222,12,0,0,3,0,38,2.0
29,9596,Paulo Alves,Sporting CP,32,10,0,0,186,9,1,0,1,0,14,2.0
30,9596,Alex Bunbury,Marítimo,26,10,1,0,213,10,0,0,0,0,26,2.0
31,9596,Pedro Barbosa,Sporting CP,22,9,0,0,166,9,0,0,0,0,13,2.0
32,9596,César Brito,Belenenses,25,9,1,0,174,4,5,0,1,1,17,2.0
33,9596,Sá Pinto,Sporting CP,26,9,0,0,243,9,0,0,1,0,13,2.0
34,9596,Renato,E. Amadora,31,9,0,0,270,8,1,1,2,0,26,2.0
35,9596,Edmilson,Marítimo,29,9,2,0,276,9,0,0,2,0,23,2.0
36,9596,Youssef Fertout,Belenenses,29,8,0,0,222,7,1,0,1,0,15,2.0
37,9596,Basílio Almeida,Salgueiros,27,8,0,0,232,8,0,0,1,0,21,2.0
38,9596,Hugo Porfírio,U. Leiria,28,8,0,0,261,7,1,0,3,0,21,2.0
39,9596,Zlatko Zahovič,V. Guimarães,29,8,2,0,269,8,0,1,2,1,15,2.0
40,9697,Mário Jardel,FC Porto,31,30,0,0,87,27,3,0,4,0,38,3.0
41,9697,Jimmy Hasselbaink,Boavista,29,20,1,0,101,16,4,2,1,0,32,3.0
42,9697,Gaúcho,E. Amadora,31,16,2,0,157,15,1,2,3,1,41,3.0
43,9697,Nuno Gomes,Boavista,34,15,0,0,183,15,0,1,0,0,24,3.0
44,9697,Constantino,Leça,34,15,2,0,201,15,0,2,2,0,45,3.0
45,9697,Karoglan,SC Braga,34,14,1,0,206,14,0,1,3,1,36,3.0
46,9697,Gilmar,V. Guimarães,31,13,0,0,203,13,0,0,2,0,25,3.0
47,9697,Edmilson,Marítimo,30,12,0,0,211,12,0,0,3,1,31,3.0
48,9697,Edmílson,FC Porto,28,11,3,0,170,11,0,0,1,0,14,3.0
49,9697,Marcos Severo,Salgueiros,30,10,0,0,106,1,9,0,3,2,20,3.0
50,9697,Toni,SC Braga,31,9,0,0,264,9,0,0,3,1,23,3.0
51,9697,Matute,Desp. Chaves,34,9,0,0,313,9,0,0,4,0,23,3.0
52,9697,Abílio,Salgueiros,34,9,3,0,316,9,0,1,1,0,18,3.0
53,9697,Kwame Ayew,V. Setúbal,23,8,0,0,210,7,1,0,3,0,21,3.0
54,9697,Fernando Almeida,Salgueiros,31,8,1,0,242,8,0,2,0,0,16,3.0
55,9697,Alex Bunbury,Marítimo,26,8,1,0,285,8,0,0,3,1,21,3.0
56,9697,Sabou,Desp. Chaves,32,8,0,0,349,8,0,1,1,0,21,3.0
57,9697,Fernando,"UD Leiria, Rio Ave",18,7,1,0,178,7,0,0,0,0,20,3.0
58,9697,Donizete,SL Benfica,16,7,0,0,202,7,0,0,1,0,14,3.0
59,9697,Milonja Djukic,Farense,25,7,0,0,238,3,4,0,2,0,21,3.0
60,9798,Mário Jardel,FC Porto,30,26,2,0,90,24,2,2,1,0,35,4.0
61,9798,Nuno Gomes,SL Benfica,33,18,3,0,123,18,0,0,4,2,29,4.0
62,9798,Kwame Ayew,Boavista,29,16,0,0,154,16,0,2,3,0,30,4.0
63,9798,Isaías,Campomaiorense,26,14,4,0,149,14,0,0,0,0,26,4.0
64,9798,Karoglan,SC Braga,30,14,1,0,173,14,0,1,2,0,29,4.0
65,9798,Nandinho,Salgueiros,30,13,0,0,183,13,0,0,2,0,27,4.0
66,9798,Gilmar,V. Guimarães,30,12,0,0,215,12,0,0,5,0,29,4.0
67,9798,Constantino,Leça,33,12,1,0,226,12,0,0,4,1,41,4.0
68,9798,Artur Jorge Vicente,Salgueiros,34,12,0,0,229,12,0,0,1,0,25,4.0
69,9798,Velli Kasumov,V. Setúbal,24,11,2,0,188,10,1,1,3,2,29,4.0
70,9798,Alex Bunbury,Marítimo,30,11,1,0,236,11,0,1,3,0,25,4.0
71,9798,Timofte,Boavista,31,10,2,0,184,10,0,0,0,0,19,4.0
72,9798,Leandro Machado,Sporting CP,27,10,0,0,226,10,0,0,1,0,22,4.0
73,9798,Hassan Nader,Farense,19,9,2,0,173,9,0,1,1,0,22,4.0
74,9798,Oceano,Sporting CP,27,9,3,0,248,8,1,1,2,0,20,4.0
75,9798,Marcos,Rio Ave,30,9,2,1,285,9,0,0,1,0,21,4.0
76,9798,Quinzinho,Rio Ave,24,8,0,0,213,6,2,1,2,0,19,4.0
77,9798,Sérgio Conceição,FC Porto,30,8,0,0,284,7,1,0,0,0,11,4.0
78,9798,Jorginho,Campomaiorense,31,8,0,1,296,8,0,0,1,0,15,4.0
79,9798,Demétrius,Campomaiorense,17,7,0,0,100,5,2,0,1,0,13,4.0
80,9899,Mário Jardel,FC Porto,32,36,2,0,76,36,0,2,4,0,42,5.0
81,9899,Nuno Gomes,SL Benfica,34,24,6,0,97,20,4,1,2,0,34,5.0
82,9899,Demétrius,Campomaiorense,29,16,2,0,132,15,1,0,1,0,39,5.0
83,9899,Silva,SC Braga,32,16,1,0,156,16,0,0,3,0,42,5.0
84,9899,Kwame Ayew,Boavista,27,15,0,0,145,15,0,0,2,0,26,5.0
85,9899,Timofte,Boavista,32,15,4,0,150,15,0,1,4,0,26,5.0
86,9899,Alex Bunbury,Marítimo,30,15,6,0,164,13,2,2,1,1,34,5.0
87,9899,Chiquinho Conde,V. Setúbal,28,14,0,0,168,14,0,0,3,0,38,5.0
88,9899,Zlatko Zahovič,FC Porto,31,14,1,0,183,12,2,1,1,0,16,5.0
89,9899,Ivaylo Iordanov,Sporting CP,29,13,0,0,136,11,2,0,2,0,20,5.0
90,9899,Edmilson,V. Guimarães,25,13,0,0,136,12,1,0,3,1,25,5.0
91,9899,Edmílson,Sporting CP,24,10,1,0,180,10,0,1,1,0,16,5.0
92,9899,Wanderley,Desp. Chaves,27,10,0,0,186,9,1,2,1,1,26,5.0
93,9899,Celso,Salgueiros,29,10,0,0,200,7,3,2,1,0,22,5.0
94,9899,Fary,Beira-Mar,34,10,0,0,219,8,2,0,1,1,28,5.0
95,9899,Simão Sabrosa,Sporting CP,30,10,1,0,255,10,0,0,1,0,16,5.0
96,9899,Gilmar,V. Guimarães,33,10,1,0,267,10,0,1,1,0,19,5.0
97,9899,Jesús Seba,Desp. Chaves,31,10,2,0,267,9,1,0,2,0,26,5.0
98,9899,Dário,Académica,25,9,0,0,204,8,1,2,0,0,30,5.0
99,9899,Simić,Beira-Mar,31,8,0,0,270,7,1,0,1,0,22,5.0
100,9900,Mário Jardel,FC Porto,32,38,7,0,74,38,0,0,4,0,58,6.0
101,9900,Beto Acosta,Sporting CP,33,22,5,0,124,22,0,3,9,2,39,6.0
102,9900,Gaúcho,E. Amadora,31,21,2,0,128,21,0,2,3,0,53,6.0
103,9900,Nuno Gomes,SL Benfica,34,18,0,0,161,18,0,0,5,1,31,6.0
104,9900,Brandão,V. Guimarães,32,16,0,0,143,11,5,1,5,2,33,6.0
105,9900,Mariano Toedtli,Marítimo,31,13,0,0,202,12,1,0,3,0,31,6.0
106,9900,Hugo Henrique,Rio Ave,33,12,0,0,235,12,0,1,0,0,35,6.0
107,9900,Whelliton,Boavista,22,11,0,0,139,8,3,1,2,0,28,6.0
108,9900,Lucian Marinescu,Farense,27,11,0,0,212,11,0,3,2,0,31,6.0
109,9900,Maniche,SL Benfica,28,10,0,0,172,8,2,0,1,0,17,6.0
110,9900,Edmilson,V. Guimarães,31,10,0,0,252,10,0,1,0,0,21,6.0
111,9900,Odair,SC Braga,33,10,1,1,291,10,0,0,2,1,23,6.0
112,9900,Guga,Gil Vicente,25,9,0,0,184,9,0,1,1,0,19,6.0
113,9900,Derlei,U. Leiria,26,8,0,0,195,6,2,2,0,0,26,6.0
114,9900,Clayton,"FC Porto, Santa Clara",30,8,0,0,221,8,0,0,1,0,23,6.0
115,9900,Riva,V. Guimarães,31,8,0,0,229,4,4,0,1,1,17,6.0
116,9900,Seba,Belenenses,33,8,0,0,358,8,0,0,1,0,22,6.0
117,9900,Kwame Ayew,Sporting CP,26,7,0,0,209,6,1,0,0,0,12,6.0
118,9900,Cajú,"FC Alverca, FC Porto",19,7,0,0,230,7,0,0,1,0,18,6.0
119,9900,Hassan Nader,Farense,27,7,0,0,283,7,0,0,1,1,20,6.0
120,0001,Pena,FC Porto,29,22,0,0,111,21,1,0,5,0,30,7.0
121,0001,Pierre van Hooijdonk,SL Benfica,30,19,6,0,128,19,0,1,3,2,35,7.0
122,0001,João Tomás,SL Benfica,31,17,0,0,106,11,6,0,3,2,31,7.0
123,0001,Rafael,Paços Ferreira,31,17,0,0,145,17,0,2,0,0,36,7.0
124,0001,Hassan Nader,Farense,31,16,3,0,173,16,0,2,2,1,43,7.0
125,0001,Miki Fehér,SC Braga,26,14,0,0,165,14,0,0,4,0,24,7.0
126,0001,Beto Acosta,Sporting CP,32,14,3,0,191,14,0,0,4,1,25,7.0
127,0001,Marcão,Belenenses,30,13,0,0,162,13,0,0,3,0,30,7.0
128,0001,Derlei,U. Leiria,32,13,0,0,204,13,0,2,3,1,28,7.0
129,0001,Zé Roberto,SC Braga,17,12,0,0,100,10,2,0,1,1,21,7.0
130,0001,Elpídio Silva,Boavista,21,11,1,0,103,10,1,0,1,0,17,7.0
131,0001,Ricardo Sousa,Beira-Mar,27,11,1,0,201,10,1,0,5,2,24,7.0
132,0001,Edmilson,SC Braga,34,11,0,0,202,10,1,1,0,0,19,7.0
133,0001,Gaúcho,E. Amadora,33,11,1,0,244,10,1,0,1,0,37,7.0
134,0001,Duda,Boavista,33,10,0,0,219,10,0,0,1,0,16,7.0
135,0001,Pedro Mantorras,Alverca,25,9,0,0,192,7,2,0,1,1,20,7.0
136,0001,Paulo César,Gil Vicente,29,9,0,0,249,9,0,1,0,0,26,7.0
137,0001,João Pedro,Salgueiros,32,9,0,0,281,8,1,1,2,0,22,7.0
138,0001,Quim Ferraz,Marítimo,21,8,0,0,126,7,1,0,3,1,24,7.0
139,0001,Lagorio,Marítimo,16,8,2,0,154,8,0,0,1,0,24,7.0
140,0102,Mário Jardel,Sporting CP,30,42,15,0,64,42,0,3,5,0,57,8.0
141,0102,Derlei,U. Leiria,33,21,5,0,141,21,0,1,4,0,40,8.0
142,0102,Fary Faye,Beira-Mar,31,18,1,0,123,15,3,1,2,0,38,8.0
143,0102,Hugo Henrique,V. Setúbal,32,16,3,0,131,11,5,2,2,1,40,8.0
144,0102,Gaúcho,Marítimo,30,15,3,0,143,15,0,0,4,1,31,8.0
145,0102,Barata,SC Braga,30,15,1,0,148,14,1,1,4,1,35,8.0
146,0102,Leonardo,Paços Ferreira,33,14,0,0,185,14,0,1,3,0,34,8.0
147,0102,Deco,FC Porto,30,13,1,0,195,13,0,1,3,1,20,8.0
148,0102,Pedro Mantorras,SL Benfica,30,13,0,0,198,13,0,1,4,2,20,8.0
149,0102,Benni McCarthy,FC Porto,11,12,0,0,68,12,0,0,1,0,18,8.0
150,0102,João Pedro,Salgueiros,34,12,1,0,240,11,1,1,0,0,41,8.0
151,0102,Paulo Alves,Gil Vicente,27,11,1,0,173,8,3,1,1,1,26,8.0
152,0102,Simão Sabrosa,SL Benfica,26,11,3,0,208,11,0,0,0,0,17,8.0
153,0102,Jacques,U. Leiria,27,10,1,0,183,7,3,0,0,0,19,8.0
154,0102,Cajú,Alverca,26,10,4,0,184,8,2,2,1,0,26,8.0
155,0102,Fangueiro,V. Guimarães,30,10,2,0,209,9,1,0,2,1,29,8.0
156,0102,Maciel,U. Leiria,30,10,0,0,229,10,0,1,0,0,19,8.0
157,0102,Hélder Postiga,FC Porto,27,9,0,0,131,4,5,0,1,1,14,8.0
158,0102,João Vieira Pinto,Sporting CP,33,9,0,0,307,9,0,0,2,0,12,8.0
159,0102,Edgaras Jankauskas,SL Benfica,12,8,0,0,109,6,2,0,1,0,12,8.0
160,0203,Fary Faye,Beira-Mar,31,18,0,0,137,17,1,0,2,1,42,
161,0203,Simão Sabrosa,SL Benfica,33,18,9,0,162,18,0,1,3,1,24,
162,0203,Adriano,Nacional,29,16,0,0,149,15,1,2,0,0,40,
163,0203,Gaúcho,Marítimo,32,15,0,0,165,15,0,0,5,0,42,
164,0203,Hélder Postiga,FC Porto,31,13,0,0,155,13,0,1,1,0,18,
165,0203,Tiago,SL Benfica,31,13,0,0,200,13,0,0,1,0,18,
166,0203,Maciel,U. Leiria,32,12,0,0,221,11,1,1,2,0,24,
167,0203,Barroso,SC Braga,33,12,5,0,230,10,2,1,1,0,35,
168,0203,Paulo Alves,Gil Vicente,30,11,2,0,129,8,3,0,1,0,26,
169,0203,Mário Jardel,Sporting CP,19,11,5,0,145,10,1,1,1,0,21,
170,0203,Dário,Académica,30,11,0,0,220,10,1,2,2,1,29,
171,0203,Ricardo Sousa,Beira-Mar,33,11,4,0,258,11,0,2,0,0,26,
172,0203,Demétrius,Moreirense,26,10,0,0,100,3,7,2,2,1,24,
173,0203,Manoel,Gil Vicente,29,10,0,0,213,7,3,0,2,0,24,
174,0203,Elpídio Silva,Boavista,30,10,1,0,227,10,0,2,2,0,31,
175,0203,Romeu,V. Guimarães,28,10,0,0,234,8,2,1,2,1,21,
176,0203,Fabrício Ceará,Santa Clara,31,10,1,0,242,8,2,0,1,1,26,
177,0203,Deco,FC Porto,30,10,0,0,255,10,0,0,3,1,14,
178,0203,Jorginho,V. Setúbal,31,10,0,0,270,10,0,3,2,0,25,
179,0203,Edgaras Jankauskas,FC Porto,30,9,1,0,134,1,8,1,2,0,12,
180,0304,Benni McCarthy,FC Porto,29,20,4,0,99,18,2,0,6,0,32,
181,0304,Adriano Louzada,Nacional,29,19,0,0,136,19,0,0,4,1,34,
182,0304,Liedson,Sporting CP,30,15,0,0,172,15,0,0,2,1,25,
183,0304,Evandro,Rio Ave,33,15,3,0,176,14,1,0,2,0,36,
184,0304,Ricardo Sousa,Boavista,32,14,2,0,192,14,0,3,2,0,44,
185,0304,Derlei,FC Porto,18,13,1,0,109,13,0,0,0,0,21,
186,0304,Ferreira,Gil Vicente,30,12,0,0,203,12,0,1,2,0,28,
187,0304,Simão Sabrosa,SL Benfica,31,12,3,0,226,12,0,2,2,0,19,
188,0304,Tomo Sokota,SL Benfica,29,11,0,0,209,11,0,0,1,0,18,
189,0304,Wender,SC Braga,31,11,4,0,232,11,0,0,3,1,31,
190,0304,Zé Manuel,Paços Ferreira,31,11,0,0,234,11,0,0,2,1,41,
191,0304,Serginho Baiano,Nacional,29,10,0,0,231,10,0,0,1,0,18,
192,0304,Júlio César,E. Amadora,30,10,1,0,234,9,1,2,0,0,45,
193,0304,Henri Antchouet,Belenenses,30,10,0,0,250,10,0,0,2,0,29,
194,0304,Rodolfo Lima,Alverca,33,10,0,0,277,8,0,1,2,0,30,
195,0304,Douala,U. Leiria,33,10,0,0,291,10,0,3,0,0,23,
196,0304,Rossato,Nacional,34,10,0,0,297,10,0,0,3,1,18,
197,0304,Clyde Wijnhard,Beira-Mar,29,9,2,1,221,9,0,1,1,1,25,
198,0304,Pedro Barbosa,Sporting CP,27,9,5,0,244,9,0,1,2,1,15,
199,0304,Alan,Marítimo,34,9,0,0,333,9,0,2,3,1,26,
200,0405,Liedson,Sporting CP,31,25,4,0,108,25,0,0,2,0,38,11.0
201,0405,João Tomás,SC Braga,29,15,0,0,157,15,0,1,4,1,33,11.0
202,0405,Simão Sabrosa,SL Benfica,34,15,4,0,204,15,0,2,3,1,29,11.0
203,0405,Wesley Lopes,Penafiel,30,14,3,0,163,14,0,1,2,0,36,11.0
204,0405,Henri Antchouet,Belenenses,26,12,0,0,175,12,0,1,1,0,32,11.0
205,0405,Benni McCarthy,FC Porto,23,11,0,0,148,9,2,0,4,1,28,11.0
206,0405,Meyong,V. Setúbal,33,11,2,0,191,9,2,0,1,0,24,11.0
207,0405,Zé Manuel,Boavista,30,10,4,0,254,10,0,1,2,1,26,11.0
208,0405,Roberto,Penafiel,31,9,0,0,257,9,0,0,1,0,23,11.0
209,0405,Wender,SC Braga,33,9,3,0,308,9,0,2,1,1,20,11.0
210,0405,Jorginho,V. Setúbal,32,9,3,0,313,9,0,1,0,0,20,11.0
211,0405,Pena,Marítimo,25,8,0,0,226,8,0,0,1,0,21,11.0
212,0405,Adriano,Nacional,31,8,0,0,275,7,1,2,2,0,17,11.0
213,0405,Santiago Silva,Beira-Mar,30,8,0,0,285,8,0,1,1,0,27,11.0
214,0405,Arrieta,Estoril,21,7,1,0,185,7,0,0,1,1,18,11.0
215,0405,Nuno Gomes,SL Benfica,23,7,0,0,224,7,0,0,1,0,14,11.0
216,0405,Carlos Carneiro,"Gil Vicente, V. Guimarães",28,7,0,0,265,7,0,0,2,0,21,11.0
217,0405,Silva,V. Guimarães,23,7,0,0,266,7,0,0,0,0,18,11.0
218,0405,Nandinho,Gil Vicente,30,7,0,0,307,7,0,0,3,0,21,11.0
219,0405,Ousmane N’Doye,"FC Penafiel, Estoril Praia",27,7,1,0,310,7,0,0,3,0,10,11.0
220,0506,Meyong,Belenenses,26,17,5,0,130,17,0,0,3,0,43,12.0
221,0506,Nuno Gomes,SL Benfica,29,15,1,0,163,14,1,1,4,0,29,12.0
222,0506,João Tomás,SC Braga,30,15,3,0,169,15,0,2,1,0,39,12.0
223,0506,Liedson,Sporting CP,31,15,0,0,181,15,0,1,4,0,30,12.0
224,0506,André Pinto,Nacional,30,14,1,0,155,12,2,0,2,1,35,12.0
225,0506,Joeano,Académica,28,13,2,0,114,12,1,1,1,0,35,12.0
226,0506,Marek Saganowski,V. Guimarães,32,12,0,0,225,12,0,3,3,0,43,12.0
227,0506,Alexandre Goulart,Nacional,31,11,3,0,228,11,0,0,0,0,28,12.0
228,0506,Lucho González,FC Porto,30,10,2,0,260,10,0,0,1,0,19,12.0
229,0506,Gaúcho,Rio Ave,33,10,0,0,280,10,0,1,0,0,29,12.0
230,0506,Marcel,"Académica OAF, Benfica",23,9,3,0,183,9,0,2,3,0,24,12.0
231,0506,João Vieira Pinto,Boavista,31,9,0,0,281,9,0,1,3,0,24,12.0
232,0506,Grégory Arnolin,Gil Vicente,30,9,0,0,282,9,0,2,1,0,24,12.0
233,0506,Júnior,Paços Ferreira,33,9,3,0,315,9,0,1,0,0,24,12.0
234,0506,Kanú,Marítimo,25,8,1,0,258,8,0,0,2,0,21,12.0
235,0506,Simão Sabrosa,SL Benfica,24,8,4,0,259,8,0,1,1,0,16,12.0
236,0506,Adriano,FC Porto,15,7,1,0,163,7,0,0,3,0,13,12.0
237,0506,Zé Carlos,Marítimo,16,7,0,0,173,6,1,2,1,0,18,12.0
238,0506,Lisandro López,FC Porto,26,7,0,0,217,5,2,0,0,0,13,12.0
239,0506,Paulo César,U. Leiria,30,7,0,0,290,7,0,0,1,0,16,12.0
240,0607,Liedson,Sporting CP,28,15,1,0,160,15,0,0,1,0,28,13.0
241,0607,Dady,Belenenses,28,12,1,0,174,12,0,0,4,0,33,13.0
242,0607,Adriano,FC Porto,18,11,1,0,121,9,2,1,1,0,17,13.0
243,0607,Simão Sabrosa,SL Benfica,24,11,5,0,193,11,0,1,0,0,20,13.0
244,0607,Fabrizio Miccoli,SL Benfica,22,10,0,0,172,10,0,1,3,0,18,13.0
245,0607,Hélder Postiga,FC Porto,24,10,0,0,179,10,0,0,1,0,15,13.0
246,0607,Roland Linz,Boavista,28,10,0,0,230,10,0,1,2,1,31,13.0
247,0607,Nei,Naval,28,10,1,0,240,8,2,1,2,2,36,13.0
248,0607,Lucho González,FC Porto,30,9,3,1,284,9,0,0,1,1,14,13.0
249,0607,Alecsandro,Sporting CP,25,8,0,0,141,7,1,0,0,0,15,13.0
250,0607,Lisandro López,FC Porto,25,8,0,0,196,7,1,0,0,0,12,13.0
251,0607,Wender,SC Braga,23,8,3,0,207,8,0,1,4,1,23,13.0
252,0607,José Pedro,Belenenses,26,8,3,0,282,8,0,0,2,0,22,13.0
253,0607,Bartosz Slusarski,U. Leiria,24,7,0,0,209,6,1,1,4,1,28,13.0
254,0607,Marcelo Lipatin,Marítimo,26,7,0,0,228,3,4,0,2,1,23,13.0
255,0607,Collins Mbesuma,Marítimo,23,7,0,0,229,6,1,0,1,0,23,13.0
256,0607,Zé Carlos,SC Braga,25,7,1,0,254,7,0,0,3,0,20,13.0
257,0607,Nuno Gomes,SL Benfica,24,6,0,0,336,6,0,0,1,0,11,13.0
258,0607,Ricardo Quaresma,FC Porto,26,6,0,0,367,6,0,1,0,0,9,13.0
259,0607,Kostas Katsouranis,SL Benfica,29,6,1,0,395,6,0,0,1,0,11,13.0
260,0708,Lisandro López,FC Porto,27,24,0,0,98,24,0,0,4,0,40,
261,0708,Weldon,Belenenses,27,13,0,0,172,13,0,0,3,0,35,
262,0708,Óscar Cardozo,SL Benfica,29,13,3,0,176,13,0,1,0,0,29,
263,0708,Wesley Lopes,Paços Ferreira,22,11,1,0,156,11,0,2,2,0,35,
264,0708,Roland Linz,SC Braga,27,11,2,0,186,10,1,2,3,2,34,
265,0708,Liedson,Sporting CP,26,11,0,0,213,11,0,0,1,0,24,
266,0708,Marcelinho,Naval,26,10,2,0,210,10,0,1,4,0,42,
267,0708,Lito,Académica,27,9,0,0,236,8,1,2,0,0,29,
268,0708,João Paulo,U. Leiria,17,8,0,0,148,6,2,0,0,0,32,
269,0708,Jorge Ribeiro,Boavista,26,8,0,0,277,8,0,0,0,0,25,
270,0708,Ricardo Quaresma,FC Porto,27,8,0,0,291,8,0,0,3,0,13,
271,0708,José Pedro,Belenenses,30,8,3,0,326,8,0,1,1,0,22,
272,0708,Ariza Makukula,"Benfica, Marítimo",16,7,0,0,162,7,0,0,0,0,18,
273,0708,Nuno Gomes,SL Benfica,25,7,1,0,226,6,1,0,1,1,16,
274,0708,Simon Vukčević,Sporting CP,26,7,0,0,248,6,1,0,1,1,15,
275,0708,Márcio Mossoró,Marítimo,30,7,0,0,263,7,0,0,1,0,18,
276,0708,Cláudio Pitbull,V. Setúbal,25,7,3,0,296,7,0,0,1,0,19,
277,0708,Jorge Gonçalves,Leixões,29,7,1,0,335,6,1,1,0,0,26,
278,0708,Ernesto Farías,FC Porto,16,6,0,0,121,4,2,0,1,0,10,
279,0708,Edinho,V. Setúbal,15,6,0,0,128,0,6,1,1,0,16,
280,0809,Nenê,Nacional,28,20,1,0,125,20,0,1,2,0,43,15.0
281,0809,Óscar Cardozo,SL Benfica,26,17,4,0,111,15,2,1,2,0,31,15.0
282,0809,Liedson,Sporting CP,26,17,0,0,128,17,0,0,6,1,38,15.0
283,0809,Ernesto Farías,FC Porto,20,10,0,0,90,9,1,0,0,0,16,15.0
284,0809,Babá Diawara,Marítimo,25,10,0,0,170,8,2,2,0,0,29,15.0
285,0809,Lisandro López,FC Porto,28,10,1,0,224,10,0,0,1,0,16,15.0
286,0809,William,Paços Ferreira,12,9,2,0,99,6,3,0,3,1,24,15.0
287,0809,Lucho González,FC Porto,23,9,6,0,210,9,0,1,0,0,15,15.0
288,0809,Hulk,FC Porto,25,8,0,0,208,6,2,0,0,0,13,15.0
289,0809,Roberto,V. Guimarães,25,8,0,0,231,8,0,0,2,0,25,15.0
290,0809,Wesley Lopes,Leixões,13,7,1,0,158,7,0,1,0,0,23,15.0
291,0809,Nuno Gomes,SL Benfica,24,7,0,0,168,3,4,1,0,0,13,15.0
292,0809,Meyong,SC Braga,19,7,1,0,186,7,0,1,1,0,18,15.0
293,0809,Derlei,Sporting CP,23,7,0,0,235,6,1,0,1,0,16,15.0
294,0809,Cristiano,Paços Ferreira,26,7,0,0,264,7,0,2,1,1,19,15.0
295,0809,Lito,Académica,28,7,0,0,280,7,0,0,1,0,25,15.0
296,0809,Nuno Assis,V. Guimarães,23,7,1,0,287,7,0,0,1,0,22,15.0
297,0809,Paulo César,SC Braga,18,6,0,0,136,5,1,1,1,0,16,15.0
298,0809,Djalma Campos,Marítimo,26,6,0,0,261,4,2,1,0,0,17,15.0
299,0809,Marcelinho,Naval,27,6,1,0,346,5,1,0,0,0,24,15.0
300,0910,Óscar Cardozo,SL Benfica,29,26,6,0,93,25,1,0,4,0,33,16.0
301,0910,Radamel Falcao,FC Porto,28,25,3,0,93,24,1,2,2,0,36,16.0
302,0910,Liedson,Sporting CP,28,13,0,0,189,11,2,0,3,0,31,16.0
303,0910,Djalmir,Olhanense,17,12,1,0,97,12,0,1,1,0,39,16.0
304,0910,Edgar Silva,Nacional,24,12,4,0,128,11,1,0,2,0,33,16.0
305,0910,Cássio,U. Leiria,27,12,0,0,168,12,0,1,3,0,34,16.0
306,0910,Meyong,SC Braga,29,11,4,0,158,9,2,0,6,2,23,16.0
307,0910,Javier Saviola,SL Benfica,27,11,0,0,190,11,0,0,2,0,14,16.0
308,0910,William,Paços Ferreira,21,10,3,0,176,10,0,1,1,0,31,16.0
309,0910,Ladji Keita,V. Setúbal,25,10,1,0,208,10,0,0,4,2,34,16.0
310,0910,Modou Sougou,Académica,29,9,4,0,248,9,0,0,0,0,24,16.0
311,0910,Kléber,Marítimo,20,8,0,0,156,8,0,0,3,2,19,16.0
312,0910,Silvestre Varela,FC Porto,18,8,1,0,170,7,1,0,1,0,11,16.0
313,0910,Alan,SC Braga,30,8,1,0,337,8,0,1,2,0,17,16.0
314,0910,Ernesto Farías,FC Porto,18,7,0,0,83,3,4,1,1,0,10,16.0
315,0910,Christian Pouga,Leixões,27,7,0,0,266,6,1,0,0,0,28,16.0
316,0910,Lima,Belenenses,27,7,1,0,337,7,0,0,0,0,30,16.0
317,0910,Hugo Morais,Leixões,29,7,6,1,347,7,0,1,3,1,28,16.0
318,0910,Yannick Djaló,Sporting CP,18,6,0,0,208,5,1,0,0,0,14,16.0
319,0910,João Tomás,Rio Ave,15,6,0,0,217,6,0,1,1,0,27,16.0
320,1011,Hulk,FC Porto,26,23,8,0,100,23,0,0,5,0,32,17.0
321,1011,Radamel Falcao,FC Porto,22,16,0,0,113,16,0,1,0,0,22,17.0
322,1011,João Tomás,Rio Ave,29,16,3,0,161,16,0,1,1,0,46,17.0
323,1011,Óscar Cardozo,SL Benfica,22,12,2,0,146,12,0,0,2,0,20,17.0
324,1011,Babá Diawara,Marítimo,29,11,0,0,228,11,0,0,2,0,33,17.0
325,1011,Silvestre Varela,FC Porto,26,10,0,0,176,9,1,0,3,1,14,17.0
326,1011,Edgar Silva,V. Guimarães,30,10,4,0,221,8,2,0,1,0,28,17.0
327,1011,Carlão,U. Leiria,14,9,4,0,119,8,1,0,2,1,36,17.0
328,1011,Leandro Tatu,Beira-Mar,27,9,0,0,203,9,0,3,0,0,28,17.0
329,1011,Saviola,SL Benfica,24,9,1,0,207,9,0,0,1,0,15,17.0
330,1011,Mario Rondón,Paços Ferreira,27,9,0,0,223,7,2,0,2,0,26,17.0
331,1011,Cláudio Pitbull,V. Setúbal,26,9,2,0,248,9,0,1,1,0,31,17.0
332,1011,Miguel Fidalgo,Académica,23,8,0,0,176,7,1,0,0,0,25,17.0
333,1011,Kléber,Marítimo,18,7,1,0,191,6,1,2,0,0,21,17.0
334,1011,Nico Gaitán,SL Benfica,26,7,0,0,281,7,0,0,0,0,11,17.0
335,1011,Pizzi,Paços Ferreira,27,7,0,0,287,6,1,2,1,0,20,17.0
336,1011,Franco Jara,SL Benfica,26,6,0,0,171,3,3,0,0,0,10,17.0
337,1011,Yannick Djaló,Sporting CP,21,6,0,0,237,6,0,0,2,0,15,17.0
338,1011,Lima,SC Braga,28,6,0,0,326,6,0,0,0,0,13,17.0
339,1011,Hélder Postiga,Sporting CP,25,6,1,0,334,6,0,0,0,0,15,17.0
340,1112,Óscar Cardozo,SL Benfica,29,20,5,0,124,20,0,0,4,1,30,18.0
341,1112,Lima,SC Braga,30,20,5,0,127,20,0,1,1,0,34,18.0
342,1112,Hulk,FC Porto,26,16,7,0,129,16,0,1,5,1,23,18.0
343,1112,van Wolfswinkel,Sporting CP,25,14,5,0,139,12,2,0,5,1,30,18.0
344,1112,James Rodríguez,FC Porto,26,13,1,0,143,10,3,0,1,0,19,18.0
345,1112,Nolito,SL Benfica,29,11,0,0,147,10,1,0,0,0,17,18.0
346,1112,João Tomás,Rio Ave,27,11,4,0,195,11,0,1,1,0,33,18.0
347,1112,Edgar Silva,V. Guimarães,28,11,3,0,199,11,0,0,3,0,28,18.0
348,1112,Babá,Marítimo,15,10,0,0,120,9,1,1,4,1,24,18.0
349,1112,Bruno César,SL Benfica,26,10,0,0,165,8,2,0,3,1,15,18.0
350,1112,Claudemir,Nacional,25,10,7,0,224,10,0,2,0,0,21,18.0
351,1112,Mario Rondón,Nacional,29,10,0,0,224,9,1,0,0,0,21,18.0
352,1112,Lorenzo Melgarejo,Paços Ferreira,29,10,0,1,228,9,1,1,1,1,29,18.0
353,1112,Kléber,FC Porto,21,9,0,0,116,6,3,0,0,0,13,18.0
354,1112,Rodrigo,SL Benfica,22,9,0,0,126,7,2,0,1,0,14,18.0
355,1112,Mateus,Nacional,24,9,1,0,220,9,0,0,2,0,19,18.0
356,1112,Michel,Paços Ferreira,28,9,2,0,221,8,1,0,0,0,26,18.0
357,1112,Bédi Buval,Feirense,20,8,0,0,225,8,0,0,2,0,30,18.0
358,1112,Yazalde,Rio Ave,26,8,0,0,244,8,0,1,0,0,24,18.0
359,1112,Danilo Dias,Marítimo,30,8,0,0,283,8,0,1,1,0,20,18.0
360,1213,Jackson Martínez,FC Porto,30,26,4,0,103,26,0,2,4,2,37,19.0
361,1213,Lima,"Benfica, SC Braga",29,20,3,0,115,18,2,1,4,1,26,19.0
362,1213,Óscar Cardozo,SL Benfica,25,17,8,0,102,17,0,1,2,0,22,19.0
363,1213,van Wolfswinkel,Sporting CP,30,14,0,0,193,14,0,3,3,1,39,19.0
364,1213,Meyong,V. Setúbal,16,13,5,0,110,13,0,1,2,0,43,19.0
365,1213,Éder,SC Braga,18,13,0,0,113,13,0,0,2,0,22,19.0
366,1213,Edinho,Académica,27,13,2,0,132,8,5,3,1,1,39,19.0
367,1213,Nabil Ghilas,Moreirense,30,13,0,0,200,13,0,0,0,0,43,19.0
368,1213,Steven Vitória,Estoril,27,11,8,0,220,11,0,1,1,1,23,19.0
369,1213,James Rodríguez,FC Porto,24,10,1,0,175,9,1,0,0,0,14,19.0
370,1213,Luís Leal,Estoril,30,10,0,0,225,9,1,0,1,0,21,19.0
371,1213,Eduardo Salvio,SL Benfica,29,10,0,0,246,10,0,0,0,0,13,19.0
372,1213,El Arbi Soudani,V. Guimarães,21,9,0,0,191,9,0,0,3,1,25,19.0
373,1213,Amido Baldé,V. Guimarães,27,9,0,0,199,9,0,2,1,0,25,19.0
374,1213,Cícero,Paços Ferreira,29,9,0,0,274,9,0,1,2,0,21,19.0
375,1213,Hugo Vieira,Gil Vicente,14,8,0,0,139,8,0,0,0,0,26,19.0
376,1213,Ahmed Hassan,Rio Ave,17,8,3,0,143,7,1,2,1,0,23,19.0
377,1213,Manuel José,Paços Ferreira,29,8,2,0,189,6,2,1,2,0,19,19.0
378,1213,Mateus,Nacional,25,8,0,0,202,4,4,2,2,1,18,19.0
379,1213,Paolo Hurtado,Paços Ferreira,28,8,0,0,235,8,0,0,2,0,19,19.0
380,1314,Jackson Martínez,FC Porto,30,20,3,0,130,20,0,0,3,0,35,20.0
381,1314,Derley,Marítimo,30,16,4,0,167,16,0,1,4,0,40,20.0
382,1314,Rafael Martins,V. Setúbal,28,15,3,0,144,14,1,1,1,0,37,20.0
383,1314,Lima,SL Benfica,28,14,3,0,168,14,0,1,3,1,24,20.0
384,1314,Fredy Montero,Sporting CP,29,13,2,0,156,13,0,0,1,0,24,20.0
385,1314,Mario Rondón,Nacional,30,12,0,0,186,11,1,1,3,0,28,20.0
386,1314,Rodrigo Moreno,SL Benfica,26,11,0,0,164,10,1,0,1,0,19,20.0
387,1314,Bebé,Paços Ferreira,27,11,1,0,192,11,0,1,0,0,39,20.0
388,1314,Evandro,Estoril,28,11,6,0,218,11,0,1,2,0,26,20.0
389,1314,Héldon,"Marítimo, Sporting",26,10,3,0,177,9,1,0,1,0,23,20.0
390,1314,Islam Slimani,Sporting CP,26,8,0,0,139,4,4,0,4,2,15,20.0
391,1314,João Pedro Galvão,Estoril,25,8,0,0,162,7,1,1,2,0,19,20.0
392,1314,Federico Dionisi,Olhanense,24,8,2,0,256,7,1,1,3,2,38,20.0
393,1314,Adrien Silva,Sporting CP,28,8,7,0,307,8,0,0,2,1,15,20.0
394,1314,Óscar Cardozo,SL Benfica,15,7,2,0,97,4,3,0,1,0,12,20.0
395,1314,Djaniny,Nacional,29,7,0,0,274,6,1,0,0,0,16,20.0
396,1314,Felipe Pardo,SC Braga,30,7,0,0,289,5,2,1,0,0,18,20.0
397,1314,Ricardo Horta,V. Setúbal,28,7,2,0,294,7,0,1,1,0,17,20.0
398,1314,Diego Barcellos,Nacional,25,6,0,0,250,5,1,2,1,0,14,20.0
399,1314,Ramón Cardozo,V. Setúbal,20,6,0,0,265,6,0,0,1,0,15,20.0
400,1415,Jackson Martínez,FC Porto,30,21,1,0,122,21,0,0,2,0,28,21.0
401,1415,Jonas,SL Benfica,27,20,1,0,111,19,1,0,2,1,23,21.0
402,1415,Lima,SL Benfica,34,19,3,0,147,18,1,0,2,0,22,21.0
403,1415,Marco Matias,Nacional,33,17,3,0,165,16,1,2,4,0,38,21.0
404,1415,Islam Slimani,Sporting CP,21,12,0,0,127,10,2,1,1,0,18,21.0
405,1415,Ahmed Hassan,Rio Ave,22,12,1,0,131,11,1,1,2,0,32,21.0
406,1415,Fredy Montero,Sporting CP,26,11,0,0,145,9,2,2,1,0,16,21.0
407,1415,André André,V. Guimarães,31,11,8,0,251,11,0,2,0,0,22,21.0
408,1415,Éder,SC Braga,29,10,2,0,173,9,1,1,1,0,18,21.0
409,1415,Bruno Moreira,Paços Ferreira,28,10,0,0,211,10,0,0,1,0,25,21.0
410,1415,Moussa Maazou,Marítimo,18,9,1,0,141,7,2,0,1,1,20,21.0
411,1415,Anderson Talisca,SL Benfica,32,9,0,0,208,9,0,0,1,0,10,21.0
412,1415,Simy Nwankwo,Gil Vicente,30,9,0,0,236,7,2,0,3,2,36,21.0
413,1415,Eduardo Salvio,SL Benfica,29,9,0,0,273,9,0,0,0,0,10,21.0
414,1415,Ricardo Valente,V. Guimarães,16,8,0,0,145,8,0,0,2,0,16,21.0
415,1415,Zé Luís,SC Braga,20,8,2,0,155,6,2,1,1,0,15,21.0
416,1415,Deyverson,Belenenses,16,8,0,0,172,8,0,1,1,0,24,21.0
417,1415,Kléber,Estoril,21,8,1,0,197,7,1,1,2,1,21,21.0
418,1415,Guedes,Penafiel,31,8,5,0,214,6,2,0,1,0,28,21.0
419,1415,Adrien Silva,Sporting CP,30,8,4,0,284,8,0,0,1,0,12,21.0
420,1516,Jonas,SL Benfica,34,32,7,0,89,32,0,0,3,1,36,22.0
421,1516,Islam Slimani,Sporting CP,33,27,2,0,107,27,0,0,5,1,34,22.0
422,1516,Kostas Mitroglou,SL Benfica,32,20,0,0,111,18,2,0,1,0,23,22.0
423,1516,Leo Bonatini,Estoril,33,17,4,0,169,17,0,3,3,0,43,22.0
424,1516,Rafael Martins,Moreirense,27,16,4,1,143,16,0,1,3,0,42,22.0
425,1516,Bruno Moreira,Paços Ferreira,29,14,4,1,166,14,0,0,1,0,33,22.0
426,1516,Vincent Aboubakar,FC Porto,28,13,0,0,161,12,1,0,1,1,19,22.0
427,1516,Nathan Júnior,Tondela,34,13,5,0,221,13,0,1,1,0,38,22.0
428,1516,Dyego Sousa,Marítimo,28,12,0,0,153,9,3,1,1,0,27,22.0
429,1516,Henrique Dourado,V. Guimarães,28,12,2,0,178,12,0,1,0,0,27,22.0
430,1516,Diogo Jota,Paços Ferreira,31,12,0,0,230,12,0,0,4,1,28,22.0
431,1516,André Claro,V. Setúbal,34,12,2,0,233,12,0,1,1,0,30,22.0
432,1516,Teo Gutiérrez,Sporting CP,23,11,1,0,146,11,0,0,1,0,14,22.0
433,1516,Ahmed Hassan,"SC Braga, Rio Ave",25,11,0,0,156,10,1,0,1,0,19,22.0
434,1516,Suk Hyun-jun,"FC Porto, V. Setúbal",25,10,0,0,178,10,0,0,0,0,23,22.0
435,1516,Nikola Stojiljkovic,SC Braga,31,10,0,0,204,10,0,0,2,0,19,22.0
436,1516,Tiquinho Soares,Nacional,30,10,0,0,245,10,0,0,3,1,25,22.0
437,1516,Héctor Herrera,FC Porto,29,9,1,0,259,9,0,1,0,0,13,22.0
438,1516,Salvador Agra,Nacional,34,9,1,0,292,8,1,0,1,0,23,22.0
439,1516,Rafa Silva,SC Braga,30,8,0,0,247,8,0,0,1,0,15,22.0
440,1617,Bas Dost,Sporting CP,31,34,7,0,80,33,1,0,6,1,50,23.0
441,1617,Soares,"FC Porto, V. Guimarães",31,19,2,0,142,19,0,2,3,1,17,23.0
442,1617,Kostas Mitroglou,SL Benfica,28,16,0,0,140,15,1,0,2,0,22,23.0
443,1617,André Silva,FC Porto,32,16,5,0,154,15,1,0,1,0,23,23.0
444,1617,Jonas,SL Benfica,19,13,5,0,102,13,0,0,1,0,18,23.0
445,1617,Moussa Marega,V. Guimarães,25,13,2,0,156,13,0,1,3,0,26,23.0
446,1617,Rui Fonte,SC Braga,26,11,0,0,201,9,2,0,1,0,22,23.0
447,1617,Welthon,Paços Ferreira,28,11,0,0,223,11,0,0,2,0,34,23.0
448,1617,Pizzi,SL Benfica,33,10,0,0,285,10,0,0,1,0,14,23.0
449,1617,Diogo Jota,FC Porto,27,8,0,0,182,4,4,0,0,0,11,23.0
450,1617,Edinho,V. Setúbal,26,8,1,0,212,8,0,0,1,0,27,23.0
451,1617,Hernâni,V. Guimarães,27,8,0,0,224,6,2,0,1,0,16,23.0
452,1617,Kléber,Estoril,26,8,3,0,226,7,1,1,1,0,22,23.0
453,1617,Guedes,Rio Ave,31,8,0,0,241,8,0,1,1,0,20,23.0
454,1617,Raúl Jiménez,SL Benfica,19,7,2,0,110,6,1,1,2,0,10,23.0
455,1617,Emmanuel Boateng,Moreirense,26,7,0,0,233,5,2,1,1,0,21,23.0
456,1617,Iuri Medeiros,Boavista,27,7,0,0,328,7,0,0,3,1,21,23.0
457,1617,Raul Silva,Marítimo,29,7,0,0,371,7,0,1,1,0,21,23.0
458,1617,Maurides,Belenenses,12,6,1,0,155,6,0,0,1,1,22,23.0
459,1617,Kuca,Arouca,24,6,1,0,173,4,2,1,3,0,18,23.0
460,1718,Jonas,SL Benfica,30,34,8,0,73,34,0,3,3,0,43,24.0
461,1718,Bas Dost,Sporting CP,30,27,5,0,96,25,2,0,7,0,43,24.0
462,1718,Moussa Marega,FC Porto,29,22,0,0,110,20,2,0,2,0,27,24.0
463,1718,Vincent Aboubakar,FC Porto,28,15,1,0,135,15,0,0,2,0,18,24.0
464,1718,Fabrício Messias,Portimonense,29,15,3,0,161,14,1,1,0,0,29,24.0
465,1718,Raphinha,V. Guimarães,32,15,2,0,186,15,0,1,1,0,33,24.0
466,1718,Paulinho,SC Braga,30,13,1,0,163,10,3,0,1,0,18,24.0
467,1718,Paolo Hurtado,V. Guimarães,25,11,4,0,160,10,1,0,2,0,24,24.0
468,1718,Ricardo Horta,SC Braga,30,11,0,0,187,10,1,0,1,0,15,24.0
469,1718,William Oliveira,Desp. Chaves,28,11,0,0,206,10,1,2,0,0,23,24.0
470,1718,Bruno Fernandes,Sporting CP,33,11,2,0,255,11,0,1,2,1,17,24.0
471,1718,Shoya Nakajima,Portimonense,29,10,0,0,250,10,0,1,2,0,19,24.0
472,1718,Guedes,Rio Ave,32,10,0,0,258,10,0,0,0,0,25,24.0
473,1718,Joel Tagueu,Marítimo,15,9,0,0,129,9,0,2,1,1,25,24.0
474,1718,Edinho,V. Setúbal,33,9,4,0,177,7,2,1,1,0,23,24.0
475,1718,Toto Salvio,SL Benfica,26,9,0,0,179,7,2,0,1,0,11,24.0
476,1718,João Amaral,V. Setúbal,33,9,0,0,251,9,0,0,0,0,23,24.0
477,1718,Tomané,Tondela,32,9,1,0,299,9,0,2,0,0,22,24.0
478,1718,Pedro Tiba,Desp. Chaves,31,9,5,0,300,9,0,1,3,1,19,24.0
479,1718,Yacine Brahimi,FC Porto,33,9,0,0,307,9,0,0,1,0,11,24.0
480,1819,Haris Seferovic,SL Benfica,29,23,0,0,86,19,4,0,3,0,22,25.0
481,1819,Bruno Fernandes,Sporting CP,33,20,6,0,147,20,0,0,1,1,28,25.0
482,1819,Rafa Silva,SL Benfica,26,17,0,0,113,16,1,0,1,1,17,25.0
483,1819,Bas Dost,Sporting CP,22,15,8,0,106,14,1,1,1,0,21,25.0
484,1819,João Félix,SL Benfica,26,15,0,0,116,14,1,1,0,0,15,25.0
485,1819,Soares,FC Porto,28,15,3,0,137,14,1,0,3,1,20,25.0
486,1819,Dyego Sousa,SC Braga,33,15,2,0,161,15,0,1,3,0,27,25.0
487,1819,Pizzi,SL Benfica,34,13,5,0,215,13,0,0,1,0,13,25.0
488,1819,Wilson Eduardo,SC Braga,32,12,5,0,179,12,0,0,2,1,21,25.0
489,1819,Tomané,Tondela,31,12,4,0,226,12,0,1,0,0,30,25.0
490,1819,Jonas,SL Benfica,22,11,1,0,93,7,4,0,2,0,11,25.0
491,1819,Moussa Marega,FC Porto,29,11,1,0,227,11,0,0,3,2,15,25.0
492,1819,Licá,Belenenses,34,11,0,0,258,11,0,0,2,0,26,25.0
493,1819,Bryan Róchez,Nacional,30,10,4,0,176,6,4,0,1,0,30,25.0
494,1819,Yacine Brahimi,FC Porto,32,10,0,0,233,9,1,0,0,0,14,25.0
495,1819,Bruno Moreira,Rio Ave,29,9,0,0,189,8,1,1,1,0,18,25.0
496,1819,Jhonder Cádiz,V. Setúbal,31,9,2,0,248,8,1,1,3,0,32,25.0
497,1819,Jackson Martínez,Portimonense,27,9,1,0,248,9,0,1,1,1,20,25.0
498,1819,Tozé,V. Guimarães,31,9,5,0,289,8,1,0,3,0,20,25.0
499,1819,Luiz Phellype,Sporting CP,14,8,0,0,105,8,0,0,1,0,11,25.0
500,1920,Carlos Vinícius,SL Benfica,32,18,0,0,99,12,6,0,3,0,25,26.0
501,1920,Mehdi Taremi,Rio Ave,30,18,7,0,131,17,1,3,4,1,38,26.0
502,1920,Pizzi,SL Benfica,34,18,5,0,157,18,0,2,1,1,25,26.0
503,1920,Paulinho,SC Braga,29,17,2,0,135,17,0,1,4,1,28,26.0
504,1920,Fábio Abreu,Moreirense,33,13,0,0,184,12,1,2,1,0,31,26.0
505,1920,Moussa Marega,FC Porto,29,12,0,0,193,12,0,0,2,0,16,26.0
506,1920,Fábio Martins,Famalicão,29,12,6,0,206,12,0,1,1,0,23,26.0
507,1920,Ricardo Horta,SC Braga,33,12,0,0,220,12,0,0,0,0,20,26.0
508,1920,Douglas Tanque,Paços Ferreira,29,11,1,0,176,8,3,0,1,0,31,26.0
509,1920,Alex Telles,FC Porto,31,11,8,0,230,11,0,1,2,0,15,26.0
510,1920,Tiquinho Soares,FC Porto,30,10,0,0,169,8,2,0,1,0,14,26.0
511,1920,Toni Martínez,Famalicão,32,10,0,0,219,8,2,2,1,0,19,26.0
512,1920,Sandro Lima,Gil Vicente,32,10,3,0,254,8,2,2,2,0,25,26.0
513,1920,Rodrigo Pinho,Marítimo,27,9,1,0,178,6,3,0,2,1,26,26.0
514,1920,João Carlos Teixeira,V. Guimarães,21,8,0,0,166,6,2,1,1,1,15,26.0
515,1920,Bruno Fernandes,Sporting CP,17,8,4,0,191,8,0,1,2,0,16,26.0
516,1920,Francisco Trincão,SC Braga,27,8,0,0,197,6,2,0,1,0,13,26.0
517,1920,Bruno Duarte,V. Guimarães,24,8,0,0,199,7,1,0,1,0,15,26.0
518,1920,Bozhidar Kraev,Gil Vicente,32,8,0,0,283,7,1,0,2,1,20,26.0
519,1920,Mehrdad Mohammadi,Desp. Aves,28,8,3,0,291,8,0,0,2,0,33,26.0
520,2021,Haris Seferovic,SL Benfica,27,18,0,0,106,13,5,0,1,0,31,27.0
521,2021,Pedro Gonçalves,Sporting CP,28,17,0,0,140,17,0,0,4,1,31,27.0
522,2021,Mario González,Tondela,23,13,0,0,141,13,0,0,4,0,41,27.0
523,2021,Mehdi Taremi,FC Porto,30,13,2,0,150,11,2,1,2,0,21,27.0
524,2021,Sérgio Oliveira,FC Porto,29,12,7,0,183,12,0,1,0,0,20,27.0
525,2021,Beto,Portimonense,26,11,0,0,147,10,1,0,2,0,33,27.0
526,2021,Carlos Júnior,Santa Clara,28,10,2,1,242,10,0,2,1,1,27,27.0
527,2021,Rodrigo Pinho,Marítimo,18,9,1,0,138,9,0,0,2,1,36,27.0
528,2021,Óscar Estupiñán,V. Guimarães,19,8,0,0,198,8,0,1,1,0,24,27.0
529,2021,Joel Tagueu,Marítimo,29,8,1,0,250,7,1,0,3,0,32,27.0
530,2021,Ricardo Horta,SC Braga,28,8,2,0,276,8,0,0,1,1,16,27.0
531,2021,Ryan Gauld,Farense,29,8,4,0,321,8,0,1,1,0,30,27.0
532,2021,Thiago Santana,Santa Clara,9,7,1,0,109,7,0,0,2,0,19,27.0
533,2021,Anderson Oliveira,Famalicão,20,7,0,0,142,6,1,1,0,0,21,27.0
534,2021,Luca Waldschmidt,SL Benfica,25,7,1,0,189,5,2,0,2,1,12,27.0
535,2021,Mateo Cassierra,Belenenses,28,7,0,0,232,7,0,2,0,0,33,27.0
536,2021,Samuel Lino,Gil Vicente,29,7,2,0,252,4,3,0,1,0,25,27.0
537,2021,Moussa Marega,FC Porto,29,7,0,0,278,7,0,1,1,0,11,27.0
538,2021,Alberth Elis,Boavista,27,7,0,0,313,7,0,0,0,0,20,27.0
539,2021,Douglas Tanque,Paços Ferreira,27,7,2,0,321,7,0,0,3,0,20,27.0
