,Season,Jogador,J,A,2A,VE
0,1112,Ney [V. Setúbal],23.0,12.0,1.0,0.0
1,1112,Elias [Sporting],25.0,12.0,1.0,0.0
2,1112,Diogo Cunha [Feirense],27.0,11.0,0.0,0.0
3,1112,Joãozinho [Beira-Mar],26.0,11.0,2.0,0.0
4,1112,Maurício Fernandes [Olhanense],27.0,11.0,1.0,0.0
5,1112,Maxi Pereira [Benfica],25.0,11.0,0.0,0.0
6,1112,Luisinho [Paços de Ferreira],28.0,11.0,1.0,0.0
7,1112,Abdoulaye Ba [Académica OAF],21.0,10.0,0.0,4.0
8,1112,Luís Neto [Nacional],25.0,10.0,0.0,0.0
9,1112,André Leão [Paços de Ferreira],27.0,10.0,0.0,0.0
10,1112,Miguelito [V. Setúbal],27.0,10.0,1.0,0.0
11,1112,Ricardo Silva [V. Setúbal],27.0,10.0,1.0,1.0
12,1112,Rafael Miranda [Marítimo],28.0,10.0,1.0,0.0
13,1112,Sténio Santos [Feirense],22.0,9.0,0.0,0.0
14,1112,Javi García [Benfica],22.0,9.0,0.0,0.0
15,1112,Edson Henrique [UD Leiria],20.0,9.0,1.0,0.0
16,1112,André Pinto [Olhanense],21.0,9.0,1.0,0.0
17,1112,Bruno Amaro [V. Setúbal],23.0,9.0,0.0,0.0
18,1112,Stijn Schaars [Sporting],26.0,9.0,1.0,0.0
19,1112,Álvaro Pereira [FC Porto],23.0,9.0,0.0,0.0
0,1213,Wíres [Rio Ave],28.0,13.0,1.0,0.0
1,1213,Marcos Rojo [Sporting],24.0,12.0,2.0,0.0
2,1213,Valentin Roberge [Marítimo],27.0,12.0,1.0,0.0
3,1213,Filipe Augusto [Rio Ave],26.0,11.0,1.0,0.0
4,1213,Filipe Gonçalves [Moreirense],27.0,11.0,0.0,0.0
5,1213,Manuel da Costa [Nacional],16.0,10.0,2.0,0.0
6,1213,Paulo Tavares [V. Setúbal],26.0,10.0,1.0,0.0
7,1213,Luiz Carlos [Paços de Ferreira],27.0,10.0,2.0,0.0
8,1213,Marçal [Nacional],27.0,10.0,2.0,0.0
9,1213,Márcio Rozário [Marítimo],20.0,9.0,1.0,0.0
10,1213,Reiner [Académica OAF],21.0,9.0,0.0,0.0
11,1213,Fernando [FC Porto],24.0,9.0,0.0,0.0
12,1213,Pedro Santos [V. Setúbal],28.0,9.0,1.0,0.0
13,1213,Jander [Olhanense],24.0,9.0,0.0,0.0
14,1213,Fito Rinaudo [Sporting],23.0,9.0,0.0,0.0
15,1213,Cláudio [Gil Vicente],24.0,9.0,2.0,0.0
16,1213,Moreno [Nacional],27.0,9.0,1.0,1.0
17,1213,Steven Vitória [Estoril Praia],27.0,9.0,2.0,1.0
18,1213,Custódio [SC Braga],28.0,9.0,0.0,0.0
19,1213,Marcelo [Rio Ave],28.0,9.0,0.0,0.0
0,1314,Nuno Coelho [FC Arouca],26.0,13.0,2.0,0.0
1,1314,Alex Sandro [FC Porto],26.0,13.0,0.0,0.0
2,1314,Marcelo [Rio Ave],24.0,12.0,1.0,0.0
3,1314,Luís Martins [Gil Vicente],23.0,11.0,0.0,1.0
4,1314,André André [V. Guimarães],26.0,11.0,0.0,0.0
5,1314,Luís Tinoco [FC Arouca],25.0,11.0,1.0,0.0
6,1314,Tarantini [Rio Ave],26.0,11.0,1.0,0.0
7,1314,Danielson [Gil Vicente],26.0,11.0,1.0,0.0
8,1314,Marçal [Nacional],27.0,11.0,1.0,0.0
9,1314,Zainadine Júnior [Nacional],20.0,10.0,0.0,0.0
10,1314,Márcio Rozário [Marítimo],21.0,10.0,1.0,0.0
11,1314,Diego Lopes [Rio Ave],27.0,10.0,0.0,0.0
12,1314,Aly Ghazal [Nacional],26.0,10.0,0.0,1.0
13,1314,Marcelo Goiano [Académica OAF],25.0,10.0,1.0,0.0
14,1314,João Meira [Belenenses],27.0,10.0,2.0,0.0
15,1314,Filipe Ferreira [Belenenses],28.0,10.0,0.0,0.0
16,1314,Cédric Soares [Sporting],28.0,10.0,0.0,0.0
17,1314,Nuno Lopes [Rio Ave],13.0,9.0,2.0,0.0
18,1314,Filipe Gonçalves [Estoril Praia],24.0,9.0,1.0,0.0
19,1314,Jean Barrientos [V. Guimarães],26.0,9.0,0.0,0.0
0,1415,Casemiro [FC Porto],28.0,13.0,0.0,0.0
1,1415,Adrien Silva [Sporting],30.0,13.0,1.0,0.0
2,1415,Nani [Sporting],27.0,13.0,1.0,0.0
3,1415,Rúben Ferreira [Marítimo],28.0,13.0,0.0,0.0
4,1415,Saleh Gomaa [Nacional],23.0,12.0,2.0,0.0
5,1415,Bruno Gaspar [V. Guimarães],24.0,12.0,1.0,0.0
6,1415,Andreas Samaris [Benfica],28.0,12.0,0.0,0.0
7,1415,Bernard Mensah [V. Guimarães],30.0,12.0,1.0,0.0
8,1415,Yohan Tavares [Estoril Praia],30.0,12.0,0.0,1.0
9,1415,Pedro Ribeiro [FC Penafiel],26.0,11.0,1.0,0.0
10,1415,Marcelo Oliveira [Moreirense],27.0,11.0,1.0,0.0
11,1415,William Carvalho [Sporting],30.0,11.0,1.0,0.0
12,1415,Dani Soares [V. Setúbal],29.0,11.0,0.0,0.0
13,1415,David Simão [FC Arouca],32.0,11.0,1.0,0.0
14,1415,André André [V. Guimarães],31.0,11.0,0.0,0.0
15,1415,Maxi Pereira [Benfica],32.0,11.0,0.0,0.0
16,1415,"Rúben Ribeiro [Gil Vicente, Paços de Ferreira]",22.0,10.0,1.0,0.0
17,1415,Philipe Sampaio [Boavista],23.0,10.0,3.0,0.0
18,1415,Sérgio Oliveira [Paços de Ferreira],26.0,10.0,1.0,0.0
19,1415,Alhassan Wakaso [Rio Ave],29.0,10.0,0.0,0.0
0,1516,Lucas Souza [CD Tondela],26.0,14.0,1.0,0.0
1,1516,Alhassan Wakaso [Rio Ave],30.0,14.0,0.0,0.0
2,1516,Pelé [Paços de Ferreira],29.0,13.0,0.0,0.0
3,1516,Idris Mandiang [Boavista],30.0,13.0,2.0,0.0
4,1516,Amilton Silva [União Madeira],31.0,13.0,0.0,0.0
5,1516,Adilson Goiano [FC Arouca],27.0,12.0,0.0,0.0
6,1516,Adrien Silva [Sporting],29.0,12.0,0.0,1.0
7,1516,Fernando Alexandre [Académica OAF],27.0,12.0,1.0,0.0
8,1516,Marcelo Oliveira [Moreirense],29.0,12.0,0.0,0.0
9,1516,Diego Carlos [Estoril Praia],31.0,12.0,3.0,0.0
10,1516,Gian Martins [União Madeira],25.0,11.0,0.0,0.0
11,1516,João Costinha [V. Setúbal],28.0,11.0,1.0,0.0
12,1516,William Alves [V. Setúbal],29.0,11.0,0.0,0.0
13,1516,Fábio Pacheco [V. Setúbal],29.0,11.0,1.0,1.0
14,1516,Fransérgio [Marítimo],31.0,11.0,1.0,0.0
15,1516,David Simão [FC Arouca],18.0,10.0,0.0,0.0
16,1516,Nikola Vukčević [SC Braga],18.0,10.0,1.0,0.0
17,1516,Filipe Gonçalves [Moreirense],26.0,10.0,0.0,0.0
18,1516,"Marvin Zeegelaar [Sporting, Rio Ave]",23.0,10.0,0.0,0.0
19,1516,Henrique Dourado [V. Guimarães],28.0,10.0,1.0,0.0
0,1617,Vítor Bruno [Feirense],30.0,14.0,0.0,0.0
1,1617,Fábio Martins [GD Chaves],29.0,12.0,1.0,0.0
2,1617,Tiago Silva [Feirense],27.0,11.0,1.0,0.0
3,1617,Bruno Santos [Paços de Ferreira],29.0,11.0,1.0,0.0
4,1617,Pierre Sagna [Moreirense],30.0,11.0,1.0,0.0
5,1617,Ricardo Dias [Feirense],17.0,10.0,2.0,0.0
6,1617,Ailton Silva [Estoril Praia],18.0,10.0,0.0,0.0
7,1617,Tobias Figueiredo [Nacional],22.0,10.0,3.0,0.0
8,1617,"Paulinho [GD Chaves, SC Braga]",22.0,10.0,0.0,0.0
9,1617,Vítor Gomes [Belenenses],28.0,10.0,0.0,0.0
10,1617,Vasco Fernandes [V. Setúbal],31.0,10.0,0.0,0.0
11,1617,Nuno Pinto [V. Setúbal],31.0,10.0,0.0,0.0
12,1617,Marcelo [Rio Ave],31.0,10.0,0.0,1.0
13,1617,João Costinha [V. Setúbal],32.0,10.0,0.0,0.0
14,1617,Walter González [FC Arouca],33.0,9.0,0.0,0.0
15,1617,Ousmane Dramé [Moreirense],24.0,9.0,0.0,0.0
16,1617,Éber Bessa [Marítimo],27.0,9.0,0.0,0.0
17,1617,Lazar Rosic [SC Braga],23.0,9.0,1.0,0.0
18,1617,Nikola Vukcevic [SC Braga],25.0,9.0,0.0,1.0
19,1617,Cris Santos [Feirense],28.0,9.0,1.0,0.0
0,1718,Babanco [Feirense],29.0,14.0,0.0,0.0
1,1718,Tiago Silva [Feirense],29.0,14.0,1.0,0.0
2,1718,Hassan Yebda [Belenenses],25.0,13.0,3.0,0.0
3,1718,Ângelo Neto [Moreirense],29.0,12.0,0.0,0.0
4,1718,Pedro Sá [Portimonense],28.0,12.0,0.0,0.0
5,1718,Raphael Rossi [Boavista],30.0,11.0,0.0,0.0
6,1718,Stéphane Sparagna [Boavista],22.0,10.0,0.0,0.0
7,1718,Allano [Estoril Praia],29.0,10.0,1.0,0.0
8,1718,Raul Silva [SC Braga],25.0,10.0,1.0,0.0
9,1718,Nikola Vukcevic [SC Braga],31.0,10.0,0.0,0.0
10,1718,Marcelo [Rio Ave],30.0,10.0,0.0,1.0
11,1718,Tomané [CD Tondela],32.0,10.0,0.0,0.0
12,1718,Tarantini [Rio Ave],31.0,10.0,0.0,0.0
13,1718,João Góis [Paços de Ferreira],17.0,9.0,0.0,1.0
14,1718,Nélson Lenho [CD Aves],22.0,9.0,0.0,0.0
15,1718,Bruno Santos [Paços de Ferreira],23.0,9.0,1.0,0.0
16,1718,André Sousa [Belenenses],30.0,9.0,0.0,0.0
17,1718,Matheus Pereira [GD Chaves],27.0,9.0,0.0,0.0
18,1718,David Simão [Boavista],27.0,9.0,0.0,0.0
19,1718,Miguel Cardoso [CD Tondela],32.0,9.0,0.0,0.0
0,1819,Vítor Bruno [Feirense],28.0,15.0,0.0,0.0
1,1819,Fábio Coentrão [Rio Ave],21.0,13.0,2.0,0.0
2,1819,Nemanja Gudelj [Sporting],27.0,13.0,0.0,0.0
3,1819,Júlio César [Nacional],28.0,13.0,0.0,0.0
4,1819,Alhassan Wakaso [V. Guimarães],30.0,12.0,1.0,0.0
5,1819,Éber Bessa [V. Setúbal],31.0,11.0,1.0,0.0
6,1819,Tiago Silva [Feirense],29.0,11.0,0.0,0.0
7,1819,Sebastián Coates [Sporting],31.0,11.0,1.0,0.0
8,1819,João Jaquité [CD Tondela],14.0,10.0,2.0,0.0
9,1819,Marcelo Goiano [SC Braga],29.0,10.0,0.0,0.0
10,1819,José Semedo [V. Setúbal],30.0,10.0,0.0,1.0
11,1819,Marcos Acuña [Sporting],30.0,10.0,1.0,0.0
12,1819,Felipe [FC Porto],31.0,10.0,0.0,0.0
13,1819,Rúben Dias [Benfica],32.0,10.0,0.0,0.0
14,1819,Jefferson Santos [GD Chaves],20.0,9.0,1.0,0.0
15,1819,Fransérgio [SC Braga],26.0,9.0,0.0,0.0
16,1819,Derley [CD Aves],30.0,9.0,0.0,0.0
17,1819,Zainadine Júnior [Marítimo],31.0,9.0,0.0,0.0
18,1819,Neris [Boavista],32.0,9.0,1.0,0.0
19,1819,Bruno Fernandes [Sporting],33.0,9.0,0.0,0.0
0,1920,José Semedo [V. Setúbal],29.0,14.0,2.0,0.0
1,1920,Mohamed Diaby [Paços de Ferreira],27.0,13.0,0.0,0.0
2,1920,Yaw Ackah [Boavista],24.0,13.0,0.0,0.0
3,1920,Matheus Reis [Rio Ave],30.0,13.0,1.0,0.0
4,1920,Show [Belenenses SAD],24.0,12.0,1.0,0.0
5,1920,Gustavo Assunção [FC Famalicão],30.0,12.0,0.0,0.0
6,1920,Ricardo Esgaio [SC Braga],30.0,12.0,0.0,0.0
7,1920,Fransérgio [SC Braga],26.0,11.0,0.0,1.0
8,1920,Carlinhos [V. Setúbal],30.0,11.0,0.0,0.0
9,1920,Filipe Augusto [Rio Ave],28.0,11.0,0.0,0.0
10,1920,Otávio [FC Porto],31.0,11.0,0.0,0.0
11,1920,Edgar Costa [Marítimo],27.0,10.0,0.0,1.0
12,1920,Rúben Ferreira [Marítimo],19.0,10.0,0.0,0.0
13,1920,Fabiano Leismann [Boavista],27.0,10.0,2.0,0.0
14,1920,Fábio Martins [FC Famalicão],29.0,10.0,1.0,1.0
15,1920,Sebastián Coates [Sporting],29.0,10.0,2.0,0.0
16,1920,Artur Jorge [V. Setúbal],30.0,10.0,0.0,0.0
17,1920,Willyan Rocha [Portimonense],16.0,9.0,1.0,0.0
18,1920,Nwankwo Obiora [Boavista],23.0,9.0,0.0,0.0
19,1920,Gabriel [Benfica],22.0,9.0,1.0,0.0
0,2021,Nicolás Otamendi [Benfica],23.0,12.0,0.0,0.0
1,2021,Fábio Pacheco [Moreirense],27.0,12.0,0.0,0.0
2,2021,Ygor Nogueira [Gil Vicente],22.0,11.0,1.0,1.0
3,2021,Fábio Cardoso [Santa Clara],24.0,11.0,1.0,0.0
4,2021,Henrique Buss [Belenenses SAD],25.0,11.0,1.0,0.0
5,2021,João Afonso [Gil Vicente],20.0,10.0,1.0,0.0
6,2021,Larry Azouni [Nacional],23.0,10.0,0.0,0.0
7,2021,Gustavo Assunção [FC Famalicão],22.0,10.0,0.0,0.0
8,2021,Jean Irmer [Marítimo],25.0,10.0,1.0,0.0
9,2021,Bebeto [CD Tondela],21.0,9.0,1.0,0.0
10,2021,Pedro Augusto [CD Tondela],24.0,9.0,0.0,0.0
11,2021,Julian Weigl [Benfica],25.0,9.0,0.0,0.0
12,2021,Willyan Rocha [Portimonense],28.0,9.0,0.0,0.0
13,2021,Angel Gomes [Boavista],26.0,9.0,1.0,0.0
14,2021,Jorge Fernandes [V. Guimarães],26.0,9.0,0.0,1.0
15,2021,Pedrão [Nacional],26.0,9.0,0.0,0.0
16,2021,Dener [Portimonense],29.0,9.0,0.0,0.0
17,2021,Javi García [Boavista],20.0,8.0,2.0,0.0
18,2021,Anderson Carvalho [Santa Clara],26.0,8.0,0.0,0.0
19,2021,Renê Santos [Marítimo],24.0,8.0,0.0,0.0
0,9495,Sérgio Cruz [Gil Vicente],26.0,15.0,1.0,0.0
1,9495,Tanta [V. Guimarães],29.0,15.0,3.0,0.0
2,9495,King [Farense],29.0,15.0,3.0,0.0
3,9495,Bobó [Boavista],22.0,14.0,4.0,0.0
4,9495,Dragan Gacesa [União Madeira],27.0,14.0,0.0,1.0
5,9495,Milton Mendes [União Madeira],16.0,12.0,2.0,0.0
6,9495,Stevan Milovać [SC Salgueiros],26.0,12.0,0.0,0.0
7,9495,Pedro Miguel [Beira-Mar],27.0,12.0,1.0,1.0
8,9495,Paulinho [Est. Amadora],31.0,12.0,1.0,0.0
9,9495,Chico Oliveira [SC Salgueiros],24.0,11.0,3.0,0.0
10,9495,Hugo Costa [Beira-Mar],26.0,11.0,3.0,0.0
11,9495,Sergei Yuran [FC Porto],23.0,10.0,2.0,0.0
12,9495,Bilro [UD Leiria],19.0,10.0,0.0,0.0
13,9495,Carlos Jorge [Marítimo],19.0,10.0,0.0,0.0
14,9495,Matias [V. Guimarães],20.0,10.0,1.0,0.0
15,9495,Cabral [Beira-Mar],30.0,10.0,2.0,0.0
16,9495,Claudio Caniggia [Benfica],24.0,10.0,0.0,2.0
17,9495,Mauro Airez [Belenenses],28.0,10.0,1.0,0.0
18,9495,Sérgio Duarte [Farense],28.0,10.0,0.0,0.0
19,9495,Tozé [Tirsense],29.0,10.0,1.0,0.0
0,9596,Sérgio Cruz [Gil Vicente],28.0,16.0,3.0,0.0
1,9596,Cao [Leça FC],26.0,15.0,2.0,1.0
2,9596,Rui Óscar [Leça FC],27.0,14.0,2.0,0.0
3,9596,Beto [Campomaiorense],18.0,13.0,3.0,0.0
4,9596,Lula [Belenenses],29.0,13.0,3.0,0.0
5,9596,Andrade [Est. Amadora],26.0,12.0,1.0,0.0
6,9596,Costa [FC Felgueiras],27.0,12.0,1.0,0.0
7,9596,Eurico [Campomaiorense],28.0,12.0,1.0,1.0
8,9596,Artur Jorge [SC Braga],30.0,12.0,1.0,0.0
9,9596,Batista [Tirsense],30.0,12.0,0.0,0.0
10,9596,Sá Pinto [Sporting],26.0,11.0,1.0,0.0
11,9596,Paiva [Farense],30.0,11.0,2.0,0.0
12,9596,Stevan Milovac [SC Salgueiros],30.0,11.0,1.0,0.0
13,9596,Tahar El-Khalej [UD Leiria],22.0,10.0,3.0,1.0
14,9596,Jorge Costa [FC Porto],21.0,10.0,0.0,1.0
15,9596,Sérgio Abreu [SC Braga],25.0,10.0,0.0,0.0
16,9596,Gaspar [Tirsense],25.0,10.0,0.0,0.0
17,9596,Carlos Secretário [FC Porto],27.0,10.0,0.0,0.0
18,9596,Helcinho [Farense],29.0,10.0,1.0,0.0
19,9596,Litos [Boavista],27.0,10.0,1.0,0.0
0,9697,Peu [Rio Ave],27.0,17.0,3.0,0.0
1,9697,Filó [SC Espinho],25.0,14.0,3.0,0.0
2,9697,Paulito [UD Leiria],28.0,14.0,3.0,0.0
3,9697,Pedro Miguel [Farense],25.0,14.0,2.0,0.0
4,9697,Bilro [UD Leiria],31.0,14.0,1.0,0.0
5,9697,Chico Fonseca [SC Salgueiros],31.0,14.0,1.0,0.0
6,9697,Artur Jorge [SC Braga],32.0,14.0,1.0,0.0
7,9697,Alexandre [V. Guimarães],23.0,13.0,2.0,1.0
8,9697,Calado [Benfica],24.0,13.0,0.0,0.0
9,9697,Márcio Theodoro [Marítimo],26.0,13.0,2.0,0.0
10,9697,Mozer [SC Braga],31.0,13.0,1.0,2.0
11,9697,Paulo Lima Pereira [Rio Ave],28.0,13.0,0.0,0.0
12,9697,Márcio Luís [SC Espinho],29.0,13.0,0.0,1.0
13,9697,Luís Miguel [SC Espinho],28.0,13.0,2.0,0.0
14,9697,Oceano [Sporting],30.0,13.0,1.0,0.0
15,9697,Lino [SC Espinho],31.0,13.0,0.0,2.0
16,9697,Pedrosa [Sporting],32.0,13.0,1.0,0.0
17,9697,Rui Esteves [Belenenses],34.0,13.0,0.0,0.0
18,9697,Fonseca [Est. Amadora],26.0,12.0,0.0,0.0
19,9697,Jordão [Est. Amadora],31.0,12.0,1.0,0.0
0,9798,Srdjan Slagalo [Varzim],32.0,17.0,1.0,0.0
1,9798,Nail Besirovic [Farense],31.0,15.0,0.0,0.0
2,9798,Paulo Dias [Belenenses],20.0,14.0,2.0,0.0
3,9798,Mozer [SC Braga],27.0,14.0,2.0,0.0
4,9798,Luizão [Varzim],28.0,13.0,2.0,1.0
5,9798,Basílio Marques [Campomaiorense],29.0,13.0,2.0,0.0
6,9798,Andrade [Belenenses],30.0,13.0,1.0,0.0
7,9798,Abazaj [Académica OAF],23.0,12.0,0.0,0.0
8,9798,Ryuler [Leça FC],21.0,12.0,4.0,0.0
9,9798,Mauro Soares [Farense],29.0,12.0,1.0,0.0
10,9798,Oceano [Sporting],27.0,12.0,1.0,0.0
11,9798,Caetano [Belenenses],28.0,12.0,1.0,0.0
12,9798,Pedro Miguel [Farense],30.0,12.0,2.0,0.0
13,9798,Litos [Boavista],32.0,12.0,0.0,1.0
14,9798,Joel [Campomaiorense],22.0,11.0,1.0,0.0
15,9798,Sousa [Benfica],25.0,11.0,0.0,0.0
16,9798,Filgueira [Belenenses],26.0,11.0,2.0,0.0
17,9798,António Miranda [Varzim],32.0,11.0,0.0,0.0
18,9798,Rched Mounir [Académica OAF],29.0,11.0,1.0,1.0
19,9798,Rui Carlos [V. Setúbal],31.0,11.0,0.0,0.0
0,9899,Hugo Costa [FC Alverca],29.0,17.0,3.0,1.0
1,9899,Luizão [GD Chaves],29.0,16.0,2.0,1.0
2,9899,Mauro Soares [Campomaiorense],27.0,15.0,1.0,0.0
3,9899,Cao [SC Salgueiros],31.0,15.0,1.0,0.0
4,9899,Márcio Antônio [Marítimo],30.0,14.0,0.0,0.0
5,9899,Quevedo [Boavista],31.0,14.0,1.0,0.0
6,9899,Jorge Costa [FC Porto],33.0,14.0,0.0,0.0
7,9899,Caetano [Beira-Mar],30.0,13.0,0.0,0.0
8,9899,Beto [Sporting],28.0,13.0,1.0,0.0
9,9899,Rui Óscar [Marítimo],29.0,13.0,2.0,0.0
10,9899,Nail Besirovic [Farense],32.0,13.0,1.0,0.0
11,9899,João Manuel [UD Leiria],23.0,12.0,1.0,0.0
12,9899,Fusco [Beira-Mar],31.0,12.0,1.0,1.0
13,9899,Bilro [UD Leiria],31.0,12.0,1.0,0.0
14,9899,Hélio [V. Setúbal],33.0,12.0,1.0,1.0
15,9899,Litos [Boavista],32.0,12.0,2.0,0.0
16,9899,Fernando Mendes [FC Porto],19.0,11.0,0.0,0.0
17,9899,Luís Manuel [Boavista],22.0,11.0,2.0,0.0
18,9899,Chico Fonseca [SC Salgueiros],29.0,11.0,0.0,1.0
19,9899,Gouveia [Farense],30.0,11.0,0.0,0.0
0,9900,Torrão [Campomaiorense],31.0,17.0,3.0,0.0
1,9900,Paulo Sousa [Boavista],16.0,15.0,2.0,0.0
2,9900,Diogo [FC Alverca],25.0,15.0,2.0,0.0
3,9900,Predrag Jokanovic [Marítimo],27.0,14.0,0.0,0.0
4,9900,Peu [Rio Ave],27.0,14.0,1.0,1.0
5,9900,Cao [Campomaiorense],28.0,13.0,1.0,1.0
6,9900,Petit [Gil Vicente],30.0,13.0,0.0,0.0
7,9900,Pedro Lavoura [SC Braga],31.0,13.0,0.0,0.0
8,9900,Beke [Campomaiorense],29.0,13.0,2.0,1.0
9,9900,Albertino [Marítimo],32.0,13.0,1.0,0.0
10,9900,Kenedy [Est. Amadora],25.0,12.0,0.0,0.0
11,9900,Poejo [Campomaiorense],28.0,12.0,1.0,0.0
12,9900,Hugo Costa [FC Alverca],25.0,12.0,2.0,0.0
13,9900,Barroso [SC Braga],30.0,12.0,0.0,0.0
14,9900,Jorge Costa [FC Porto],31.0,12.0,0.0,0.0
15,9900,Pedro Emanuel [Boavista],32.0,12.0,1.0,0.0
16,9900,Luís Manuel [Boavista],20.0,11.0,1.0,0.0
17,9900,Maniche [Benfica],28.0,11.0,1.0,0.0
18,9900,Lázaro [Est. Amadora],29.0,11.0,2.0,1.0
19,9900,Litos [Boavista],30.0,11.0,0.0,0.0
0,0001,Cléber Lima [Belenenses],28.0,21.0,2.0,0.0
1,0001,Fernando Aguiar [Beira-Mar],30.0,17.0,2.0,1.0
2,0001,Guga [Belenenses],30.0,14.0,0.0,1.0
3,0001,Rafael [Paços de Ferreira],31.0,14.0,1.0,0.0
4,0001,Deco [FC Porto],31.0,13.0,1.0,0.0
5,0001,Glauber [Paços de Ferreira],30.0,13.0,2.0,0.0
6,0001,Petit [Boavista],26.0,12.0,1.0,1.0
7,0001,Lino [Marítimo],29.0,12.0,2.0,0.0
8,0001,Zé António [FC Alverca],29.0,12.0,0.0,0.0
9,0001,Bilro [UD Leiria],30.0,12.0,1.0,0.0
10,0001,Litos [Boavista],33.0,12.0,0.0,0.0
11,0001,José Vieira [CD Aves],19.0,11.0,1.0,0.0
12,0001,Predrag Jokanović [Marítimo],23.0,11.0,0.0,0.0
13,0001,Pedro Simões [Est. Amadora],24.0,11.0,1.0,0.0
14,0001,Neves [SC Salgueiros],26.0,11.0,0.0,0.0
15,0001,Petar Krpan [UD Leiria],27.0,11.0,0.0,0.0
16,0001,Patacas [Campomaiorense],26.0,11.0,1.0,0.0
17,0001,João Manuel [UD Leiria],29.0,11.0,1.0,1.0
18,0001,Miguel Vaz [Campomaiorense],29.0,11.0,1.0,0.0
19,0001,Kenedy [Est. Amadora],27.0,11.0,1.0,0.0
0,0102,Deco [FC Porto],30.0,17.0,2.0,0.0
1,0102,Adalberto [Paços de Ferreira],31.0,14.0,0.0,1.0
2,0102,Cléber Lima [V. Guimarães],32.0,14.0,1.0,0.0
3,0102,Torrão [FC Alverca],30.0,13.0,0.0,1.0
4,0102,Sérgio Nunes [Santa Clara],29.0,13.0,1.0,0.0
5,0102,Costinha [FC Porto],29.0,12.0,1.0,0.0
6,0102,Barroso [SC Braga],26.0,12.0,0.0,0.0
7,0102,Luís Manuel [Beira-Mar],27.0,12.0,2.0,0.0
8,0102,Tinaia [FC Alverca],29.0,12.0,1.0,0.0
9,0102,João Manuel [UD Leiria],30.0,12.0,2.0,0.0
10,0102,Luís Loureiro [Gil Vicente],27.0,11.0,1.0,0.0
11,0102,Mário Jardel [Sporting],30.0,11.0,1.0,0.0
12,0102,Bilro [UD Leiria],32.0,11.0,0.0,1.0
13,0102,Briguel [Marítimo],23.0,10.0,1.0,0.0
14,0102,Nuno Frechaut [Boavista],25.0,10.0,0.0,0.0
15,0102,Ricardo Rocha [SC Braga],25.0,10.0,1.0,1.0
16,0102,Petit [Boavista],25.0,10.0,0.0,0.0
17,0102,Pedro Emanuel [Boavista],28.0,10.0,1.0,0.0
18,0102,Pedro Henriques [Belenenses],28.0,10.0,0.0,0.0
19,0102,Silas [UD Leiria],32.0,10.0,0.0,0.0
0,0203,Cléber Lima [V. Guimarães],31.0,17.0,1.0,2.0
1,0203,Pepe [Marítimo],29.0,16.0,1.0,1.0
2,0203,Deco [FC Porto],30.0,16.0,0.0,1.0
3,0203,Nuno Amaro [Gil Vicente],29.0,14.0,2.0,1.0
4,0203,Paulo Sousa [Paços de Ferreira],30.0,13.0,2.0,1.0
5,0203,Ricardo Silva [V. Guimarães],28.0,13.0,0.0,1.0
6,0203,Pedro Santos [Boavista],19.0,12.0,3.0,0.0
7,0203,Petit [Benfica],25.0,12.0,1.0,1.0
8,0203,Filgueira [Belenenses],24.0,12.0,1.0,0.0
9,0203,Fernando Aguiar [UD Leiria],28.0,12.0,0.0,1.0
10,0203,Jorge Costa [FC Porto],26.0,12.0,1.0,0.0
11,0203,Aldo [Santa Clara],27.0,12.0,0.0,0.0
12,0203,Hugo Alcântara [V. Setúbal],28.0,12.0,1.0,0.0
13,0203,Flávio Meireles [Moreirense],32.0,12.0,0.0,1.0
14,0203,André Macanga [Académica OAF],32.0,12.0,0.0,0.0
15,0203,Arrieta [SC Braga],31.0,11.0,0.0,0.0
16,0203,Sérgio Lomba [Moreirense],23.0,11.0,0.0,0.0
17,0203,Castanheira [SC Braga],29.0,11.0,1.0,0.0
18,0203,Luís Vouzela [Santa Clara],29.0,11.0,0.0,0.0
19,0203,Luís Loureiro [Gil Vicente],30.0,11.0,1.0,0.0
0,0304,Ferreira [Gil Vicente],30.0,15.0,1.0,0.0
1,0304,Jaime Júnior [Rio Ave],28.0,14.0,0.0,2.0
2,0304,Torrão [FC Alverca],30.0,14.0,0.0,1.0
3,0304,Maniche [FC Porto],31.0,13.0,0.0,0.0
4,0304,Rui Jorge [Sporting],29.0,13.0,2.0,0.0
5,0304,Ávalos [Nacional],31.0,13.0,1.0,0.0
6,0304,Luís Loureiro [Gil Vicente],28.0,12.0,1.0,0.0
7,0304,Flávio Meireles [V. Guimarães],26.0,12.0,1.0,0.0
8,0304,Mozer [Rio Ave],29.0,12.0,0.0,1.0
9,0304,Ricardo Sousa [Boavista],32.0,12.0,0.0,0.0
10,0304,Sérgio Lomba [Moreirense],30.0,12.0,0.0,0.0
11,0304,Jorge Costa [FC Porto],19.0,11.0,0.0,0.0
12,0304,Edson Canhão [UD Leiria],28.0,11.0,3.0,0.0
13,0304,Deco [FC Porto],28.0,11.0,1.0,0.0
14,0304,Pepe [Marítimo],30.0,11.0,0.0,2.0
15,0304,Tonel [Académica OAF],32.0,11.0,0.0,0.0
16,0304,Petit [Benfica],23.0,10.0,0.0,0.0
17,0304,Pedro Barbosa [Sporting],27.0,10.0,1.0,0.0
18,0304,Ricardo Rocha [Benfica],25.0,10.0,1.0,1.0
19,0304,Gaspar [Gil Vicente],28.0,10.0,1.0,1.0
0,0405,Paulo Sousa [Estoril Praia],21.0,16.0,1.0,1.0
1,0405,Hélder Rosário [Boavista],24.0,13.0,1.0,0.0
2,0405,Cléber Lima [V. Guimarães],27.0,13.0,2.0,0.0
3,0405,Cadú [Boavista],30.0,13.0,0.0,0.0
4,0405,Sérgio Lomba [Moreirense],30.0,13.0,2.0,0.0
5,0405,João Pedro [Estoril Praia],31.0,13.0,1.0,0.0
6,0405,Damian Tixier [Académica OAF],26.0,12.0,2.0,0.0
7,0405,Jorge Costa [FC Porto],22.0,12.0,1.0,0.0
8,0405,Alhandra [UD Leiria],28.0,12.0,1.0,0.0
9,0405,Ávalos [Nacional],32.0,12.0,0.0,0.0
10,0405,Grégory Arnolin [Gil Vicente],23.0,11.0,1.0,0.0
11,0405,Luís Coentrão [Gil Vicente],29.0,11.0,0.0,1.0
12,0405,Fernando Cardozo [Nacional],25.0,11.0,1.0,0.0
13,0405,Renato [UD Leiria],30.0,11.0,0.0,1.0
14,0405,Miguelito [Rio Ave],30.0,11.0,1.0,0.0
15,0405,Beto [Beira-Mar],31.0,11.0,1.0,0.0
16,0405,Liedson [Sporting],31.0,11.0,1.0,0.0
17,0405,Dionattan [Académica OAF],20.0,10.0,0.0,0.0
18,0405,Arrieta [Estoril Praia],21.0,10.0,1.0,0.0
19,0405,Gaúcho [Rio Ave],29.0,10.0,0.0,0.0
0,0506,Gilmar [Naval],29.0,17.0,1.0,0.0
1,0506,Cléber Lima [V. Guimarães],27.0,15.0,0.0,2.0
2,0506,Cadú [Boavista],28.0,15.0,1.0,0.0
3,0506,Paulo Sousa [Paços de Ferreira],32.0,15.0,0.0,0.0
4,0506,Petit [Benfica],30.0,14.0,0.0,0.0
5,0506,Sá Pinto [Sporting],27.0,13.0,1.0,1.0
6,0506,Areias [Boavista],30.0,13.0,1.0,1.0
7,0506,Danielson [Rio Ave],30.0,13.0,1.0,1.0
8,0506,Manú [Est. Amadora],31.0,13.0,1.0,1.0
9,0506,Santamaria [Est. Amadora],22.0,12.0,0.0,0.0
10,0506,Nélson Veiga [Naval],26.0,12.0,0.0,0.0
11,0506,China [Naval],30.0,12.0,1.0,0.0
12,0506,Weligton [FC Penafiel],31.0,12.0,0.0,1.0
13,0506,Barrionuevo [FC Penafiel],15.0,11.0,1.0,0.0
14,0506,Pedro Silva [Académica OAF],21.0,11.0,2.0,0.0
15,0506,Mozer [Rio Ave],26.0,11.0,1.0,1.0
16,0506,Modou Sougou [V. Setúbal],27.0,11.0,0.0,0.0
17,0506,Filipe Teixeira [Académica OAF],30.0,11.0,1.0,0.0
18,0506,Pelé [Belenenses],32.0,11.0,0.0,0.0
19,0506,Ricardo Silva [Boavista],17.0,10.0,1.0,0.0
0,0607,Mércio Silva [CD Aves],27.0,12.0,0.0,0.0
1,0607,Amoreirinha [Est. Amadora],28.0,12.0,0.0,0.0
2,0607,Geraldo Alves [Paços de Ferreira],28.0,12.0,0.0,0.0
3,0607,Sérgio Carvalho [CD Aves],25.0,11.0,1.0,0.0
4,0607,Paulo Gomes [UD Leiria],28.0,11.0,1.0,0.0
5,0607,Sandro [V. Setúbal],26.0,10.0,1.0,0.0
6,0607,Alonso [Nacional],25.0,10.0,0.0,0.0
7,0607,Ricardo Silva [Boavista],26.0,10.0,0.0,0.0
8,0607,Kalifa Cissé [Boavista],27.0,10.0,1.0,0.0
9,0607,Filipe Anunciação [CD Aves],27.0,10.0,0.0,0.0
10,0607,Paulo Assunção [FC Porto],22.0,9.0,0.0,0.0
11,0607,Carlos Fernandes [SC Braga],20.0,9.0,0.0,0.0
12,0607,Binho [V. Setúbal],25.0,9.0,1.0,0.0
13,0607,Sérgio Nunes [CD Aves],28.0,9.0,1.0,0.0
14,0607,Milton do Ó [Marítimo],18.0,8.0,0.0,0.0
15,0607,Rui Duarte [Est. Amadora],18.0,8.0,1.0,0.0
16,0607,Cândido Costa [Belenenses],24.0,8.0,1.0,0.0
17,0607,Rafał Grzelak [Boavista],28.0,8.0,1.0,0.0
18,0607,Mangualde [Paços de Ferreira],23.0,8.0,0.0,1.0
19,0607,Roberto Brum [Académica OAF],29.0,8.0,0.0,0.0
0,0708,Gabriel Gómez [Belenenses],25.0,12.0,1.0,0.0
1,0708,Paulo Jorge [SC Braga],27.0,12.0,1.0,0.0
2,0708,Cléber Monteiro [Nacional],25.0,11.0,1.0,0.0
3,0708,João Pereira [SC Braga],27.0,11.0,1.0,0.0
4,0708,César Peixoto [SC Braga],18.0,10.0,2.0,1.0
5,0708,Gilmar [Naval],24.0,10.0,1.0,0.0
6,0708,Davide [Naval],28.0,10.0,0.0,0.0
7,0708,Anderson Polga [Sporting],25.0,10.0,0.0,0.0
8,0708,Gilles Binya [Benfica],16.0,9.0,1.0,0.0
9,0708,Fernando [Est. Amadora],26.0,9.0,0.0,0.0
10,0708,Hélder Cabral [Est. Amadora],19.0,8.0,1.0,0.0
11,0708,Cândido Costa [Belenenses],24.0,8.0,1.0,0.0
12,0708,"Matheus [SC Braga, V. Setúbal]",25.0,8.0,0.0,0.0
13,0708,Delfim [Naval],23.0,8.0,1.0,0.0
14,0708,Dédé [Paços de Ferreira],25.0,8.0,0.0,0.0
15,0708,Marcelão [Boavista],26.0,8.0,1.0,0.0
16,0708,Kostas Katsouranis [Benfica],27.0,8.0,0.0,0.0
17,0708,Abel Ferreira [Sporting],28.0,8.0,0.0,0.0
18,0708,Tonel [Sporting],27.0,8.0,1.0,0.0
19,0708,Patacas [Nacional],28.0,8.0,0.0,2.0
0,0809,Mércio Silva [Trofense],25.0,12.0,1.0,0.0
1,0809,Derlei [Sporting],23.0,11.0,1.0,1.0
2,0809,Kostas Katsouranis [Benfica],24.0,11.0,1.0,0.0
3,0809,Patacas [Nacional],27.0,11.0,0.0,0.0
4,0809,Hassan Yebda [Benfica],25.0,10.0,1.0,0.0
5,0809,Vandinho [SC Braga],23.0,10.0,0.0,0.0
6,0809,André Vilas Boas [Rio Ave],25.0,10.0,1.0,0.0
7,0809,Miguel Lopes [Rio Ave],26.0,10.0,0.0,0.0
8,0809,Hugo Morais [Leixões],27.0,10.0,0.0,0.0
9,0809,Carciano [Belenenses],19.0,9.0,1.0,0.0
10,0809,Cândido Costa [Belenenses],20.0,9.0,0.0,0.0
11,0809,Rui Miguel [Paços de Ferreira],24.0,9.0,0.0,0.0
12,0809,Hélder Barbosa [Trofense],28.0,9.0,0.0,0.0
13,0809,Roberto [Leixões],22.0,9.0,0.0,0.0
14,0809,Andrezinho [V. Guimarães],22.0,9.0,0.0,0.0
15,0809,Milton do Ó [Trofense],27.0,9.0,1.0,0.0
16,0809,Nenê [Nacional],28.0,9.0,0.0,0.0
17,0809,Gabriel Gómez [Belenenses],20.0,8.0,0.0,0.0
18,0809,Paulinho Teles [Trofense],19.0,8.0,0.0,1.0
19,0809,Filipe Anunciação [Paços de Ferreira],24.0,8.0,0.0,0.0
0,0910,Tengarrinha [Olhanense],23.0,13.0,2.0,0.0
1,0910,Miguel Veloso [Sporting],25.0,13.0,1.0,0.0
2,0910,André Vilas Boas [Rio Ave],24.0,12.0,0.0,1.0
3,0910,Roberto [Marítimo],24.0,11.0,0.0,0.0
4,0910,Daniel Carriço [Sporting],25.0,11.0,1.0,0.0
5,0910,Nuno Assis [V. Guimarães],26.0,11.0,1.0,0.0
6,0910,Moreno [V. Guimarães],23.0,10.0,0.0,0.0
7,0910,Sílvio [Rio Ave],27.0,10.0,0.0,0.0
8,0910,Bruno Alves [FC Porto],27.0,10.0,0.0,0.0
9,0910,Patacas [Nacional],28.0,10.0,1.0,0.0
10,0910,Daniel Cruz [Naval],17.0,9.0,0.0,0.0
11,0910,"João Pereira [SC Braga, Sporting]",25.0,9.0,0.0,0.0
12,0910,Javi García [Benfica],26.0,9.0,0.0,0.0
13,0910,Carlos Fernandes [Olhanense],26.0,9.0,0.0,1.0
14,0910,Ángel Di María [Benfica],26.0,9.0,0.0,1.0
15,0910,Fábio Faria [Rio Ave],27.0,9.0,0.0,0.0
16,0910,André Castro [Olhanense],28.0,9.0,0.0,0.0
17,0910,"Miguel Garcia [SC Braga, Olhanense]",16.0,8.0,1.0,1.0
18,0910,Rui Baião [Olhanense],23.0,8.0,0.0,1.0
19,0910,Fábio Coentrão [Benfica],26.0,8.0,0.0,0.0
0,1011,Ney [V. Setúbal],23.0,16.0,2.0,0.0
1,1011,Pedro Silva [Portimonense],21.0,13.0,2.0,1.0
2,1011,André Leão [Paços de Ferreira],25.0,12.0,0.0,0.0
3,1011,Maurício Fernandes [Olhanense],26.0,12.0,0.0,0.0
4,1011,Paulo Sérgio [UD Leiria],17.0,11.0,1.0,0.0
5,1011,Maxi Pereira [Benfica],26.0,11.0,0.0,0.0
6,1011,André Pinto [Portimonense],26.0,11.0,0.0,0.0
7,1011,Gaspar [Rio Ave],26.0,11.0,0.0,0.0
8,1011,Robson [Marítimo],26.0,11.0,1.0,1.0
9,1011,Alonso [Marítimo],22.0,10.0,1.0,1.0
10,1011,Tarantini [Rio Ave],28.0,10.0,0.0,0.0
11,1011,Alex [V. Guimarães],28.0,10.0,0.0,0.0
12,1011,Rui Miguel [V. Guimarães],21.0,9.0,0.0,0.0
13,1011,Sílvio [SC Braga],20.0,9.0,0.0,0.0
14,1011,Vandinho [SC Braga],23.0,9.0,1.0,0.0
15,1011,Fábio Coentrão [Benfica],23.0,9.0,2.0,0.0
16,1011,Valentin Roberge [Marítimo],25.0,9.0,0.0,0.0
17,1011,Luís Alberto [Nacional],25.0,9.0,1.0,0.0
18,1011,João Moutinho [FC Porto],27.0,9.0,0.0,0.0
19,1011,Ricardo Silva [V. Setúbal],26.0,9.0,1.0,0.0
