,Season,Jogador,J,G,PEN,AG,MPG,GTIT,GSUP,GPTS,GVIT,GRVV,PGE
0,9495,Hassan Nader [Farense],31.0,21.0,3.0,0.0,131.0,21.0,0.0,1.0,5.0,0.0,48.0
1,9495,Domingos Paciência [FC Porto],32.0,19.0,2.0,0.0,114.0,17.0,2.0,0.0,2.0,0.0,26.0
2,9495,Marcelo [Tirsense],33.0,17.0,3.0,0.0,163.0,17.0,0.0,0.0,3.0,0.0,49.0
3,9495,Artur [Boavista],32.0,16.0,4.0,0.0,175.0,16.0,0.0,1.0,1.0,0.0,40.0
4,9495,Edmílson [SC Salgueiros],34.0,15.0,1.0,0.0,198.0,15.0,0.0,1.0,2.0,0.0,35.0
5,9495,Isaías [Benfica],23.0,14.0,0.0,0.0,128.0,12.0,2.0,2.0,1.0,1.0,23.0
6,9495,Edinho [GD Chaves],32.0,14.0,4.0,0.0,194.0,13.0,1.0,1.0,2.0,0.0,42.0
7,9495,Paulo Alves [Marítimo],33.0,14.0,1.0,0.0,199.0,14.0,0.0,1.0,3.0,0.0,34.0
8,9495,Nelson Bertollazzi [UD Leiria],32.0,12.0,0.0,0.0,235.0,12.0,0.0,1.0,2.0,2.0,29.0
9,9495,Alex Bunbury [Marítimo],33.0,11.0,0.0,0.0,253.0,11.0,0.0,0.0,2.0,1.0,27.0
10,9495,Andrzej Juskowiak [Sporting],25.0,10.0,0.0,0.0,199.0,10.0,0.0,0.0,2.0,0.0,17.0
11,9495,Ivaylo Yordanov [Sporting],16.0,9.0,0.0,0.0,148.0,9.0,0.0,0.0,2.0,0.0,15.0
12,9495,Edílson [Benfica],23.0,9.0,0.0,0.0,187.0,8.0,1.0,1.0,1.0,0.0,15.0
13,9495,Rui Barros [FC Porto],27.0,9.0,0.0,0.0,189.0,8.0,1.0,0.0,0.0,0.0,12.0
14,9495,Erwin Sánchez [Boavista],31.0,9.0,0.0,0.0,272.0,9.0,0.0,2.0,1.0,0.0,23.0
15,9495,Gilmar [V. Guimarães],31.0,9.0,1.0,0.0,283.0,8.0,1.0,2.0,1.0,0.0,17.0
16,9495,Claudio Caniggia [Benfica],24.0,8.0,1.0,0.0,248.0,8.0,0.0,0.0,0.0,0.0,13.0
17,9495,Zé Carlos Nascimento [FC Porto],28.0,8.0,0.0,0.0,308.0,8.0,0.0,0.0,0.0,0.0,11.0
18,9495,Makopoloka Mangonga [Gil Vicente],25.0,7.0,0.0,0.0,234.0,4.0,3.0,0.0,1.0,0.0,23.0
19,9495,Emmanuel Amuneke [Sporting],21.0,7.0,0.0,0.0,248.0,7.0,0.0,1.0,2.0,0.0,12.0
0,9596,Domingos Paciência [FC Porto],29.0,25.0,2.0,0.0,97.0,25.0,0.0,0.0,6.0,1.0,30.0
1,9596,João Vieira Pinto [Benfica],31.0,18.0,2.0,0.0,151.0,18.0,0.0,0.0,2.0,0.0,31.0
2,9596,Edinho [V. Guimarães],32.0,15.0,3.0,0.0,128.0,13.0,2.0,0.0,3.0,0.0,27.0
3,9596,Constantino [Leça FC],30.0,15.0,3.0,0.0,138.0,13.0,2.0,1.0,3.0,0.0,52.0
4,9596,Lewis [FC Felgueiras],33.0,15.0,1.0,0.0,181.0,15.0,0.0,2.0,1.0,0.0,52.0
5,9596,Artur [Boavista],32.0,14.0,3.0,0.0,190.0,14.0,0.0,0.0,1.0,0.0,24.0
6,9596,Maurício Cabedelo [UD Leiria],25.0,13.0,2.0,0.0,143.0,11.0,2.0,0.0,3.0,0.0,34.0
7,9596,Edmílson [FC Porto],31.0,13.0,1.0,0.0,179.0,13.0,0.0,0.0,2.0,0.0,15.0
8,9596,Jimmy Hasselbaink [Campomaiorense],31.0,12.0,0.0,0.0,222.0,12.0,0.0,0.0,3.0,0.0,38.0
9,9596,Paulo Alves [Sporting],32.0,10.0,0.0,0.0,186.0,9.0,1.0,0.0,1.0,0.0,14.0
10,9596,Alex Bunbury [Marítimo],26.0,10.0,1.0,0.0,213.0,10.0,0.0,0.0,0.0,0.0,26.0
11,9596,Pedro Barbosa [Sporting],22.0,9.0,0.0,0.0,166.0,9.0,0.0,0.0,0.0,0.0,13.0
12,9596,César Brito [Belenenses],25.0,9.0,1.0,0.0,174.0,4.0,5.0,0.0,1.0,1.0,17.0
13,9596,Sá Pinto [Sporting],26.0,9.0,0.0,0.0,243.0,9.0,0.0,0.0,1.0,0.0,13.0
14,9596,Renato [Est. Amadora],31.0,9.0,0.0,0.0,270.0,8.0,1.0,1.0,2.0,0.0,26.0
15,9596,Edmilson [Marítimo],29.0,9.0,2.0,0.0,276.0,9.0,0.0,0.0,2.0,0.0,23.0
16,9596,Youssef Fertout [Belenenses],29.0,8.0,0.0,0.0,222.0,7.0,1.0,0.0,1.0,0.0,15.0
17,9596,Basílio Almeida [SC Salgueiros],27.0,8.0,0.0,0.0,232.0,8.0,0.0,0.0,1.0,0.0,21.0
18,9596,Hugo Porfírio [UD Leiria],28.0,8.0,0.0,0.0,261.0,7.0,1.0,0.0,3.0,0.0,21.0
19,9596,Zlatko Zahovič [V. Guimarães],29.0,8.0,2.0,0.0,269.0,8.0,0.0,1.0,2.0,1.0,15.0
0,9697,Mário Jardel [FC Porto],31.0,30.0,0.0,0.0,87.0,27.0,3.0,0.0,4.0,0.0,38.0
1,9697,Jimmy Hasselbaink [Boavista],29.0,20.0,1.0,0.0,101.0,16.0,4.0,2.0,1.0,0.0,32.0
2,9697,Gaúcho [Est. Amadora],31.0,16.0,2.0,0.0,157.0,15.0,1.0,2.0,3.0,1.0,41.0
3,9697,Nuno Gomes [Boavista],34.0,15.0,0.0,0.0,183.0,15.0,0.0,1.0,0.0,0.0,24.0
4,9697,Constantino [Leça FC],34.0,15.0,2.0,0.0,201.0,15.0,0.0,2.0,2.0,0.0,45.0
5,9697,Karoglan [SC Braga],34.0,14.0,1.0,0.0,206.0,14.0,0.0,1.0,3.0,1.0,36.0
6,9697,Gilmar [V. Guimarães],31.0,13.0,0.0,0.0,203.0,13.0,0.0,0.0,2.0,0.0,25.0
7,9697,Edmilson [Marítimo],30.0,12.0,0.0,0.0,211.0,12.0,0.0,0.0,3.0,1.0,31.0
8,9697,Edmílson [FC Porto],28.0,11.0,3.0,0.0,170.0,11.0,0.0,0.0,1.0,0.0,14.0
9,9697,Marcos Severo [SC Salgueiros],30.0,10.0,0.0,0.0,106.0,1.0,9.0,0.0,3.0,2.0,20.0
10,9697,Toni [SC Braga],31.0,9.0,0.0,0.0,264.0,9.0,0.0,0.0,3.0,1.0,23.0
11,9697,Matute [GD Chaves],34.0,9.0,0.0,0.0,313.0,9.0,0.0,0.0,4.0,0.0,23.0
12,9697,Abílio [SC Salgueiros],34.0,9.0,3.0,0.0,316.0,9.0,0.0,1.0,1.0,0.0,18.0
13,9697,Kwame Ayew [V. Setúbal],23.0,8.0,0.0,0.0,210.0,7.0,1.0,0.0,3.0,0.0,21.0
14,9697,Fernando Almeida [SC Salgueiros],31.0,8.0,1.0,0.0,242.0,8.0,0.0,2.0,0.0,0.0,16.0
15,9697,Alex Bunbury [Marítimo],26.0,8.0,1.0,0.0,285.0,8.0,0.0,0.0,3.0,1.0,21.0
16,9697,Sabou [GD Chaves],32.0,8.0,0.0,0.0,349.0,8.0,0.0,1.0,1.0,0.0,21.0
17,9697,"Fernando [UD Leiria, Rio Ave]",18.0,7.0,1.0,0.0,178.0,7.0,0.0,0.0,0.0,0.0,20.0
18,9697,Donizete [Benfica],16.0,7.0,0.0,0.0,202.0,7.0,0.0,0.0,1.0,0.0,14.0
19,9697,Milonja Djukic [Farense],25.0,7.0,0.0,0.0,238.0,3.0,4.0,0.0,2.0,0.0,21.0
0,9798,Mário Jardel [FC Porto],30.0,26.0,2.0,0.0,90.0,24.0,2.0,2.0,1.0,0.0,35.0
1,9798,Nuno Gomes [Benfica],33.0,18.0,3.0,0.0,123.0,18.0,0.0,0.0,4.0,2.0,29.0
2,9798,Kwame Ayew [Boavista],29.0,16.0,0.0,0.0,154.0,16.0,0.0,2.0,3.0,0.0,30.0
3,9798,Isaías [Campomaiorense],26.0,14.0,4.0,0.0,149.0,14.0,0.0,0.0,0.0,0.0,26.0
4,9798,Karoglan [SC Braga],30.0,14.0,1.0,0.0,173.0,14.0,0.0,1.0,2.0,0.0,29.0
5,9798,Nandinho [SC Salgueiros],30.0,13.0,0.0,0.0,183.0,13.0,0.0,0.0,2.0,0.0,27.0
6,9798,Gilmar [V. Guimarães],30.0,12.0,0.0,0.0,215.0,12.0,0.0,0.0,5.0,0.0,29.0
7,9798,Constantino [Leça FC],33.0,12.0,1.0,0.0,226.0,12.0,0.0,0.0,4.0,1.0,41.0
8,9798,Artur Jorge Vicente [SC Salgueiros],34.0,12.0,0.0,0.0,229.0,12.0,0.0,0.0,1.0,0.0,25.0
9,9798,Velli Kasumov [V. Setúbal],24.0,11.0,2.0,0.0,188.0,10.0,1.0,1.0,3.0,2.0,29.0
10,9798,Alex Bunbury [Marítimo],30.0,11.0,1.0,0.0,236.0,11.0,0.0,1.0,3.0,0.0,25.0
11,9798,Timofte [Boavista],31.0,10.0,2.0,0.0,184.0,10.0,0.0,0.0,0.0,0.0,19.0
12,9798,Leandro Machado [Sporting],27.0,10.0,0.0,0.0,226.0,10.0,0.0,0.0,1.0,0.0,22.0
13,9798,Hassan Nader [Farense],19.0,9.0,2.0,0.0,173.0,9.0,0.0,1.0,1.0,0.0,22.0
14,9798,Oceano [Sporting],27.0,9.0,3.0,0.0,248.0,8.0,1.0,1.0,2.0,0.0,20.0
15,9798,Marcos [Rio Ave],30.0,9.0,2.0,1.0,285.0,9.0,0.0,0.0,1.0,0.0,21.0
16,9798,Quinzinho [Rio Ave],24.0,8.0,0.0,0.0,213.0,6.0,2.0,1.0,2.0,0.0,19.0
17,9798,Sérgio Conceição [FC Porto],30.0,8.0,0.0,0.0,284.0,7.0,1.0,0.0,0.0,0.0,11.0
18,9798,Jorginho [Campomaiorense],31.0,8.0,0.0,1.0,296.0,8.0,0.0,0.0,1.0,0.0,15.0
19,9798,Demétrius [Campomaiorense],17.0,7.0,0.0,0.0,100.0,5.0,2.0,0.0,1.0,0.0,13.0
0,9899,Mário Jardel [FC Porto],32.0,36.0,2.0,0.0,76.0,36.0,0.0,2.0,4.0,0.0,42.0
1,9899,Nuno Gomes [Benfica],34.0,24.0,6.0,0.0,97.0,20.0,4.0,1.0,2.0,0.0,34.0
2,9899,Demétrius [Campomaiorense],29.0,16.0,2.0,0.0,132.0,15.0,1.0,0.0,1.0,0.0,39.0
3,9899,Silva [SC Braga],32.0,16.0,1.0,0.0,156.0,16.0,0.0,0.0,3.0,0.0,42.0
4,9899,Kwame Ayew [Boavista],27.0,15.0,0.0,0.0,145.0,15.0,0.0,0.0,2.0,0.0,26.0
5,9899,Timofte [Boavista],32.0,15.0,4.0,0.0,150.0,15.0,0.0,1.0,4.0,0.0,26.0
6,9899,Alex Bunbury [Marítimo],30.0,15.0,6.0,0.0,164.0,13.0,2.0,2.0,1.0,1.0,34.0
7,9899,Chiquinho Conde [V. Setúbal],28.0,14.0,0.0,0.0,168.0,14.0,0.0,0.0,3.0,0.0,38.0
8,9899,Zlatko Zahovič [FC Porto],31.0,14.0,1.0,0.0,183.0,12.0,2.0,1.0,1.0,0.0,16.0
9,9899,Ivaylo Iordanov [Sporting],29.0,13.0,0.0,0.0,136.0,11.0,2.0,0.0,2.0,0.0,20.0
10,9899,Edmilson [V. Guimarães],25.0,13.0,0.0,0.0,136.0,12.0,1.0,0.0,3.0,1.0,25.0
11,9899,Edmílson [Sporting],24.0,10.0,1.0,0.0,180.0,10.0,0.0,1.0,1.0,0.0,16.0
12,9899,Wanderley [GD Chaves],27.0,10.0,0.0,0.0,186.0,9.0,1.0,2.0,1.0,1.0,26.0
13,9899,Celso [SC Salgueiros],29.0,10.0,0.0,0.0,200.0,7.0,3.0,2.0,1.0,0.0,22.0
14,9899,Fary [Beira-Mar],34.0,10.0,0.0,0.0,219.0,8.0,2.0,0.0,1.0,1.0,28.0
15,9899,Simão Sabrosa [Sporting],30.0,10.0,1.0,0.0,255.0,10.0,0.0,0.0,1.0,0.0,16.0
16,9899,Gilmar [V. Guimarães],33.0,10.0,1.0,0.0,267.0,10.0,0.0,1.0,1.0,0.0,19.0
17,9899,Jesús Seba [GD Chaves],31.0,10.0,2.0,0.0,267.0,9.0,1.0,0.0,2.0,0.0,26.0
18,9899,Dário [Académica OAF],25.0,9.0,0.0,0.0,204.0,8.0,1.0,2.0,0.0,0.0,30.0
19,9899,Simić [Beira-Mar],31.0,8.0,0.0,0.0,270.0,7.0,1.0,0.0,1.0,0.0,22.0
0,9900,Mário Jardel [FC Porto],32.0,38.0,7.0,0.0,74.0,38.0,0.0,0.0,4.0,0.0,58.0
1,9900,Beto Acosta [Sporting],33.0,22.0,5.0,0.0,124.0,22.0,0.0,3.0,9.0,2.0,39.0
2,9900,Gaúcho [Est. Amadora],31.0,21.0,2.0,0.0,128.0,21.0,0.0,2.0,3.0,0.0,53.0
3,9900,Nuno Gomes [Benfica],34.0,18.0,0.0,0.0,161.0,18.0,0.0,0.0,5.0,1.0,31.0
4,9900,Brandão [V. Guimarães],32.0,16.0,0.0,0.0,143.0,11.0,5.0,1.0,5.0,2.0,33.0
5,9900,Mariano Toedtli [Marítimo],31.0,13.0,0.0,0.0,202.0,12.0,1.0,0.0,3.0,0.0,31.0
6,9900,Hugo Henrique [Rio Ave],33.0,12.0,0.0,0.0,235.0,12.0,0.0,1.0,0.0,0.0,35.0
7,9900,Whelliton [Boavista],22.0,11.0,0.0,0.0,139.0,8.0,3.0,1.0,2.0,0.0,28.0
8,9900,Lucian Marinescu [Farense],27.0,11.0,0.0,0.0,212.0,11.0,0.0,3.0,2.0,0.0,31.0
9,9900,Maniche [Benfica],28.0,10.0,0.0,0.0,172.0,8.0,2.0,0.0,1.0,0.0,17.0
10,9900,Edmilson [V. Guimarães],31.0,10.0,0.0,0.0,252.0,10.0,0.0,1.0,0.0,0.0,21.0
11,9900,Odair [SC Braga],33.0,10.0,1.0,1.0,291.0,10.0,0.0,0.0,2.0,1.0,23.0
12,9900,Guga [Gil Vicente],25.0,9.0,0.0,0.0,184.0,9.0,0.0,1.0,1.0,0.0,19.0
13,9900,Derlei [UD Leiria],26.0,8.0,0.0,0.0,195.0,6.0,2.0,2.0,0.0,0.0,26.0
14,9900,"Clayton [FC Porto, Santa Clara]",30.0,8.0,0.0,0.0,221.0,8.0,0.0,0.0,1.0,0.0,23.0
15,9900,Riva [V. Guimarães],31.0,8.0,0.0,0.0,229.0,4.0,4.0,0.0,1.0,1.0,17.0
16,9900,Seba [Belenenses],33.0,8.0,0.0,0.0,358.0,8.0,0.0,0.0,1.0,0.0,22.0
17,9900,Kwame Ayew [Sporting],26.0,7.0,0.0,0.0,209.0,6.0,1.0,0.0,0.0,0.0,12.0
18,9900,"Cajú [FC Alverca, FC Porto]",19.0,7.0,0.0,0.0,230.0,7.0,0.0,0.0,1.0,0.0,18.0
19,9900,Hassan Nader [Farense],27.0,7.0,0.0,0.0,283.0,7.0,0.0,0.0,1.0,1.0,20.0
0,0001,Pena [FC Porto],29.0,22.0,0.0,0.0,111.0,21.0,1.0,0.0,5.0,0.0,30.0
1,0001,Pierre van Hooijdonk [Benfica],30.0,19.0,6.0,0.0,128.0,19.0,0.0,1.0,3.0,2.0,35.0
2,0001,João Tomás [Benfica],31.0,17.0,0.0,0.0,106.0,11.0,6.0,0.0,3.0,2.0,31.0
3,0001,Rafael [Paços de Ferreira],31.0,17.0,0.0,0.0,145.0,17.0,0.0,2.0,0.0,0.0,36.0
4,0001,Hassan Nader [Farense],31.0,16.0,3.0,0.0,173.0,16.0,0.0,2.0,2.0,1.0,43.0
5,0001,Miki Fehér [SC Braga],26.0,14.0,0.0,0.0,165.0,14.0,0.0,0.0,4.0,0.0,24.0
6,0001,Beto Acosta [Sporting],32.0,14.0,3.0,0.0,191.0,14.0,0.0,0.0,4.0,1.0,25.0
7,0001,Marcão [Belenenses],30.0,13.0,0.0,0.0,162.0,13.0,0.0,0.0,3.0,0.0,30.0
8,0001,Derlei [UD Leiria],32.0,13.0,0.0,0.0,204.0,13.0,0.0,2.0,3.0,1.0,28.0
9,0001,Zé Roberto [SC Braga],17.0,12.0,0.0,0.0,100.0,10.0,2.0,0.0,1.0,1.0,21.0
10,0001,Elpídio Silva [Boavista],21.0,11.0,1.0,0.0,103.0,10.0,1.0,0.0,1.0,0.0,17.0
11,0001,Ricardo Sousa [Beira-Mar],27.0,11.0,1.0,0.0,201.0,10.0,1.0,0.0,5.0,2.0,24.0
12,0001,Edmilson [SC Braga],34.0,11.0,0.0,0.0,202.0,10.0,1.0,1.0,0.0,0.0,19.0
13,0001,Gaúcho [Est. Amadora],33.0,11.0,1.0,0.0,244.0,10.0,1.0,0.0,1.0,0.0,37.0
14,0001,Duda [Boavista],33.0,10.0,0.0,0.0,219.0,10.0,0.0,0.0,1.0,0.0,16.0
15,0001,Pedro Mantorras [FC Alverca],25.0,9.0,0.0,0.0,192.0,7.0,2.0,0.0,1.0,1.0,20.0
16,0001,Paulo César [Gil Vicente],29.0,9.0,0.0,0.0,249.0,9.0,0.0,1.0,0.0,0.0,26.0
17,0001,João Pedro [SC Salgueiros],32.0,9.0,0.0,0.0,281.0,8.0,1.0,1.0,2.0,0.0,22.0
18,0001,Quim Ferraz [Marítimo],21.0,8.0,0.0,0.0,126.0,7.0,1.0,0.0,3.0,1.0,24.0
19,0001,Lagorio [Marítimo],16.0,8.0,2.0,0.0,154.0,8.0,0.0,0.0,1.0,0.0,24.0
0,0102,Mário Jardel [Sporting],30.0,42.0,15.0,0.0,64.0,42.0,0.0,3.0,5.0,0.0,57.0
1,0102,Derlei [UD Leiria],33.0,21.0,5.0,0.0,141.0,21.0,0.0,1.0,4.0,0.0,40.0
2,0102,Fary Faye [Beira-Mar],31.0,18.0,1.0,0.0,123.0,15.0,3.0,1.0,2.0,0.0,38.0
3,0102,Hugo Henrique [V. Setúbal],32.0,16.0,3.0,0.0,131.0,11.0,5.0,2.0,2.0,1.0,40.0
4,0102,Gaúcho [Marítimo],30.0,15.0,3.0,0.0,143.0,15.0,0.0,0.0,4.0,1.0,31.0
5,0102,Barata [SC Braga],30.0,15.0,1.0,0.0,148.0,14.0,1.0,1.0,4.0,1.0,35.0
6,0102,Leonardo [Paços de Ferreira],33.0,14.0,0.0,0.0,185.0,14.0,0.0,1.0,3.0,0.0,34.0
7,0102,Deco [FC Porto],30.0,13.0,1.0,0.0,195.0,13.0,0.0,1.0,3.0,1.0,20.0
8,0102,Pedro Mantorras [Benfica],30.0,13.0,0.0,0.0,198.0,13.0,0.0,1.0,4.0,2.0,20.0
9,0102,Benni McCarthy [FC Porto],11.0,12.0,0.0,0.0,68.0,12.0,0.0,0.0,1.0,0.0,18.0
10,0102,João Pedro [SC Salgueiros],34.0,12.0,1.0,0.0,240.0,11.0,1.0,1.0,0.0,0.0,41.0
11,0102,Paulo Alves [Gil Vicente],27.0,11.0,1.0,0.0,173.0,8.0,3.0,1.0,1.0,1.0,26.0
12,0102,Simão Sabrosa [Benfica],26.0,11.0,3.0,0.0,208.0,11.0,0.0,0.0,0.0,0.0,17.0
13,0102,Jacques [UD Leiria],27.0,10.0,1.0,0.0,183.0,7.0,3.0,0.0,0.0,0.0,19.0
14,0102,Cajú [FC Alverca],26.0,10.0,4.0,0.0,184.0,8.0,2.0,2.0,1.0,0.0,26.0
15,0102,Fangueiro [V. Guimarães],30.0,10.0,2.0,0.0,209.0,9.0,1.0,0.0,2.0,1.0,29.0
16,0102,Maciel [UD Leiria],30.0,10.0,0.0,0.0,229.0,10.0,0.0,1.0,0.0,0.0,19.0
17,0102,Hélder Postiga [FC Porto],27.0,9.0,0.0,0.0,131.0,4.0,5.0,0.0,1.0,1.0,14.0
18,0102,João Vieira Pinto [Sporting],33.0,9.0,0.0,0.0,307.0,9.0,0.0,0.0,2.0,0.0,12.0
19,0102,Edgaras Jankauskas [Benfica],12.0,8.0,0.0,0.0,109.0,6.0,2.0,0.0,1.0,0.0,12.0
0,0203,Fary Faye [Beira-Mar],31.0,18.0,0.0,0.0,137.0,17.0,1.0,0.0,2.0,1.0,42.0
1,0203,Simão Sabrosa [Benfica],33.0,18.0,9.0,0.0,162.0,18.0,0.0,1.0,3.0,1.0,24.0
2,0203,Adriano [Nacional],29.0,16.0,0.0,0.0,149.0,15.0,1.0,2.0,0.0,0.0,40.0
3,0203,Gaúcho [Marítimo],32.0,15.0,0.0,0.0,165.0,15.0,0.0,0.0,5.0,0.0,42.0
4,0203,Hélder Postiga [FC Porto],31.0,13.0,0.0,0.0,155.0,13.0,0.0,1.0,1.0,0.0,18.0
5,0203,Tiago [Benfica],31.0,13.0,0.0,0.0,200.0,13.0,0.0,0.0,1.0,0.0,18.0
6,0203,Maciel [UD Leiria],32.0,12.0,0.0,0.0,221.0,11.0,1.0,1.0,2.0,0.0,24.0
7,0203,Barroso [SC Braga],33.0,12.0,5.0,0.0,230.0,10.0,2.0,1.0,1.0,0.0,35.0
8,0203,Paulo Alves [Gil Vicente],30.0,11.0,2.0,0.0,129.0,8.0,3.0,0.0,1.0,0.0,26.0
9,0203,Mário Jardel [Sporting],19.0,11.0,5.0,0.0,145.0,10.0,1.0,1.0,1.0,0.0,21.0
10,0203,Dário [Académica OAF],30.0,11.0,0.0,0.0,220.0,10.0,1.0,2.0,2.0,1.0,29.0
11,0203,Ricardo Sousa [Beira-Mar],33.0,11.0,4.0,0.0,258.0,11.0,0.0,2.0,0.0,0.0,26.0
12,0203,Demétrius [Moreirense],26.0,10.0,0.0,0.0,100.0,3.0,7.0,2.0,2.0,1.0,24.0
13,0203,Manoel [Gil Vicente],29.0,10.0,0.0,0.0,213.0,7.0,3.0,0.0,2.0,0.0,24.0
14,0203,Elpídio Silva [Boavista],30.0,10.0,1.0,0.0,227.0,10.0,0.0,2.0,2.0,0.0,31.0
15,0203,Romeu [V. Guimarães],28.0,10.0,0.0,0.0,234.0,8.0,2.0,1.0,2.0,1.0,21.0
16,0203,Fabrício Ceará [Santa Clara],31.0,10.0,1.0,0.0,242.0,8.0,2.0,0.0,1.0,1.0,26.0
17,0203,Deco [FC Porto],30.0,10.0,0.0,0.0,255.0,10.0,0.0,0.0,3.0,1.0,14.0
18,0203,Jorginho [V. Setúbal],31.0,10.0,0.0,0.0,270.0,10.0,0.0,3.0,2.0,0.0,25.0
19,0203,Edgaras Jankauskas [FC Porto],30.0,9.0,1.0,0.0,134.0,1.0,8.0,1.0,2.0,0.0,12.0
0,0304,Benni McCarthy [FC Porto],29.0,20.0,4.0,0.0,99.0,18.0,2.0,0.0,6.0,0.0,32.0
1,0304,Adriano Louzada [Nacional],29.0,19.0,0.0,0.0,136.0,19.0,0.0,0.0,4.0,1.0,34.0
2,0304,Liedson [Sporting],30.0,15.0,0.0,0.0,172.0,15.0,0.0,0.0,2.0,1.0,25.0
3,0304,Evandro [Rio Ave],33.0,15.0,3.0,0.0,176.0,14.0,1.0,0.0,2.0,0.0,36.0
4,0304,Ricardo Sousa [Boavista],32.0,14.0,2.0,0.0,192.0,14.0,0.0,3.0,2.0,0.0,44.0
5,0304,Derlei [FC Porto],18.0,13.0,1.0,0.0,109.0,13.0,0.0,0.0,0.0,0.0,21.0
6,0304,Ferreira [Gil Vicente],30.0,12.0,0.0,0.0,203.0,12.0,0.0,1.0,2.0,0.0,28.0
7,0304,Simão Sabrosa [Benfica],31.0,12.0,3.0,0.0,226.0,12.0,0.0,2.0,2.0,0.0,19.0
8,0304,Tomo Sokota [Benfica],29.0,11.0,0.0,0.0,209.0,11.0,0.0,0.0,1.0,0.0,18.0
9,0304,Wender [SC Braga],31.0,11.0,4.0,0.0,232.0,11.0,0.0,0.0,3.0,1.0,31.0
10,0304,Zé Manuel [Paços de Ferreira],31.0,11.0,0.0,0.0,234.0,11.0,0.0,0.0,2.0,1.0,41.0
11,0304,Serginho Baiano [Nacional],29.0,10.0,0.0,0.0,231.0,10.0,0.0,0.0,1.0,0.0,18.0
12,0304,Júlio César [Est. Amadora],30.0,10.0,1.0,0.0,234.0,9.0,1.0,2.0,0.0,0.0,45.0
13,0304,Henri Antchouet [Belenenses],30.0,10.0,0.0,0.0,250.0,10.0,0.0,0.0,2.0,0.0,29.0
14,0304,Rodolfo Lima [FC Alverca],33.0,10.0,0.0,0.0,277.0,8.0,0.0,1.0,2.0,0.0,30.0
15,0304,Douala [UD Leiria],33.0,10.0,0.0,0.0,291.0,10.0,0.0,3.0,0.0,0.0,23.0
16,0304,Rossato [Nacional],34.0,10.0,0.0,0.0,297.0,10.0,0.0,0.0,3.0,1.0,18.0
17,0304,Clyde Wijnhard [Beira-Mar],29.0,9.0,2.0,1.0,221.0,9.0,0.0,1.0,1.0,1.0,25.0
18,0304,Pedro Barbosa [Sporting],27.0,9.0,5.0,0.0,244.0,9.0,0.0,1.0,2.0,1.0,15.0
19,0304,Alan [Marítimo],34.0,9.0,0.0,0.0,333.0,9.0,0.0,2.0,3.0,1.0,26.0
0,0405,Liedson [Sporting],31.0,25.0,4.0,0.0,108.0,25.0,0.0,0.0,2.0,0.0,38.0
1,0405,João Tomás [SC Braga],29.0,15.0,0.0,0.0,157.0,15.0,0.0,1.0,4.0,1.0,33.0
2,0405,Simão Sabrosa [Benfica],34.0,15.0,4.0,0.0,204.0,15.0,0.0,2.0,3.0,1.0,29.0
3,0405,Wesley Lopes [FC Penafiel],30.0,14.0,3.0,0.0,163.0,14.0,0.0,1.0,2.0,0.0,36.0
4,0405,Henri Antchouet [Belenenses],26.0,12.0,0.0,0.0,175.0,12.0,0.0,1.0,1.0,0.0,32.0
5,0405,Benni McCarthy [FC Porto],23.0,11.0,0.0,0.0,148.0,9.0,2.0,0.0,4.0,1.0,28.0
6,0405,Meyong [V. Setúbal],33.0,11.0,2.0,0.0,191.0,9.0,2.0,0.0,1.0,0.0,24.0
7,0405,Zé Manuel [Boavista],30.0,10.0,4.0,0.0,254.0,10.0,0.0,1.0,2.0,1.0,26.0
8,0405,Roberto [FC Penafiel],31.0,9.0,0.0,0.0,257.0,9.0,0.0,0.0,1.0,0.0,23.0
9,0405,Wender [SC Braga],33.0,9.0,3.0,0.0,308.0,9.0,0.0,2.0,1.0,1.0,20.0
10,0405,Jorginho [V. Setúbal],32.0,9.0,3.0,0.0,313.0,9.0,0.0,1.0,0.0,0.0,20.0
11,0405,Pena [Marítimo],25.0,8.0,0.0,0.0,226.0,8.0,0.0,0.0,1.0,0.0,21.0
12,0405,Adriano [Nacional],31.0,8.0,0.0,0.0,275.0,7.0,1.0,2.0,2.0,0.0,17.0
13,0405,Santiago Silva [Beira-Mar],30.0,8.0,0.0,0.0,285.0,8.0,0.0,1.0,1.0,0.0,27.0
14,0405,Arrieta [Estoril Praia],21.0,7.0,1.0,0.0,185.0,7.0,0.0,0.0,1.0,1.0,18.0
15,0405,Nuno Gomes [Benfica],23.0,7.0,0.0,0.0,224.0,7.0,0.0,0.0,1.0,0.0,14.0
16,0405,"Carlos Carneiro [Gil Vicente, V. Guimarães]",28.0,7.0,0.0,0.0,265.0,7.0,0.0,0.0,2.0,0.0,21.0
17,0405,Silva [V. Guimarães],23.0,7.0,0.0,0.0,266.0,7.0,0.0,0.0,0.0,0.0,18.0
18,0405,Nandinho [Gil Vicente],30.0,7.0,0.0,0.0,307.0,7.0,0.0,0.0,3.0,0.0,21.0
19,0405,"Ousmane N’Doye [FC Penafiel, Estoril Praia]",27.0,7.0,1.0,0.0,310.0,7.0,0.0,0.0,3.0,0.0,10.0
0,0506,Meyong [Belenenses],26.0,17.0,5.0,0.0,130.0,17.0,0.0,0.0,3.0,0.0,43.0
1,0506,Nuno Gomes [Benfica],29.0,15.0,1.0,0.0,163.0,14.0,1.0,1.0,4.0,0.0,29.0
2,0506,João Tomás [SC Braga],30.0,15.0,3.0,0.0,169.0,15.0,0.0,2.0,1.0,0.0,39.0
3,0506,Liedson [Sporting],31.0,15.0,0.0,0.0,181.0,15.0,0.0,1.0,4.0,0.0,30.0
4,0506,André Pinto [Nacional],30.0,14.0,1.0,0.0,155.0,12.0,2.0,0.0,2.0,1.0,35.0
5,0506,Joeano [Académica OAF],28.0,13.0,2.0,0.0,114.0,12.0,1.0,1.0,1.0,0.0,35.0
6,0506,Marek Saganowski [V. Guimarães],32.0,12.0,0.0,0.0,225.0,12.0,0.0,3.0,3.0,0.0,43.0
7,0506,Alexandre Goulart [Nacional],31.0,11.0,3.0,0.0,228.0,11.0,0.0,0.0,0.0,0.0,28.0
8,0506,Lucho González [FC Porto],30.0,10.0,2.0,0.0,260.0,10.0,0.0,0.0,1.0,0.0,19.0
9,0506,Gaúcho [Rio Ave],33.0,10.0,0.0,0.0,280.0,10.0,0.0,1.0,0.0,0.0,29.0
10,0506,"Marcel [Académica OAF, Benfica]",23.0,9.0,3.0,0.0,183.0,9.0,0.0,2.0,3.0,0.0,24.0
11,0506,João Vieira Pinto [Boavista],31.0,9.0,0.0,0.0,281.0,9.0,0.0,1.0,3.0,0.0,24.0
12,0506,Grégory Arnolin [Gil Vicente],30.0,9.0,0.0,0.0,282.0,9.0,0.0,2.0,1.0,0.0,24.0
13,0506,Júnior [Paços de Ferreira],33.0,9.0,3.0,0.0,315.0,9.0,0.0,1.0,0.0,0.0,24.0
14,0506,Kanú [Marítimo],25.0,8.0,1.0,0.0,258.0,8.0,0.0,0.0,2.0,0.0,21.0
15,0506,Simão Sabrosa [Benfica],24.0,8.0,4.0,0.0,259.0,8.0,0.0,1.0,1.0,0.0,16.0
16,0506,Adriano [FC Porto],15.0,7.0,1.0,0.0,163.0,7.0,0.0,0.0,3.0,0.0,13.0
17,0506,Zé Carlos [Marítimo],16.0,7.0,0.0,0.0,173.0,6.0,1.0,2.0,1.0,0.0,18.0
18,0506,Lisandro López [FC Porto],26.0,7.0,0.0,0.0,217.0,5.0,2.0,0.0,0.0,0.0,13.0
19,0506,Paulo César [UD Leiria],30.0,7.0,0.0,0.0,290.0,7.0,0.0,0.0,1.0,0.0,16.0
0,0607,Liedson [Sporting],28.0,15.0,1.0,0.0,160.0,15.0,0.0,0.0,1.0,0.0,28.0
1,0607,Dady [Belenenses],28.0,12.0,1.0,0.0,174.0,12.0,0.0,0.0,4.0,0.0,33.0
2,0607,Adriano [FC Porto],18.0,11.0,1.0,0.0,121.0,9.0,2.0,1.0,1.0,0.0,17.0
3,0607,Simão Sabrosa [Benfica],24.0,11.0,5.0,0.0,193.0,11.0,0.0,1.0,0.0,0.0,20.0
4,0607,Fabrizio Miccoli [Benfica],22.0,10.0,0.0,0.0,172.0,10.0,0.0,1.0,3.0,0.0,18.0
5,0607,Hélder Postiga [FC Porto],24.0,10.0,0.0,0.0,179.0,10.0,0.0,0.0,1.0,0.0,15.0
6,0607,Roland Linz [Boavista],28.0,10.0,0.0,0.0,230.0,10.0,0.0,1.0,2.0,1.0,31.0
7,0607,Nei [Naval],28.0,10.0,1.0,0.0,240.0,8.0,2.0,1.0,2.0,2.0,36.0
8,0607,Lucho González [FC Porto],30.0,9.0,3.0,1.0,284.0,9.0,0.0,0.0,1.0,1.0,14.0
9,0607,Alecsandro [Sporting],25.0,8.0,0.0,0.0,141.0,7.0,1.0,0.0,0.0,0.0,15.0
10,0607,Lisandro López [FC Porto],25.0,8.0,0.0,0.0,196.0,7.0,1.0,0.0,0.0,0.0,12.0
11,0607,Wender [SC Braga],23.0,8.0,3.0,0.0,207.0,8.0,0.0,1.0,4.0,1.0,23.0
12,0607,José Pedro [Belenenses],26.0,8.0,3.0,0.0,282.0,8.0,0.0,0.0,2.0,0.0,22.0
13,0607,Bartosz Slusarski [UD Leiria],24.0,7.0,0.0,0.0,209.0,6.0,1.0,1.0,4.0,1.0,28.0
14,0607,Marcelo Lipatin [Marítimo],26.0,7.0,0.0,0.0,228.0,3.0,4.0,0.0,2.0,1.0,23.0
15,0607,Collins Mbesuma [Marítimo],23.0,7.0,0.0,0.0,229.0,6.0,1.0,0.0,1.0,0.0,23.0
16,0607,Zé Carlos [SC Braga],25.0,7.0,1.0,0.0,254.0,7.0,0.0,0.0,3.0,0.0,20.0
17,0607,Nuno Gomes [Benfica],24.0,6.0,0.0,0.0,336.0,6.0,0.0,0.0,1.0,0.0,11.0
18,0607,Ricardo Quaresma [FC Porto],26.0,6.0,0.0,0.0,367.0,6.0,0.0,1.0,0.0,0.0,9.0
19,0607,Kostas Katsouranis [Benfica],29.0,6.0,1.0,0.0,395.0,6.0,0.0,0.0,1.0,0.0,11.0
0,0708,Lisandro López [FC Porto],27.0,24.0,0.0,0.0,98.0,24.0,0.0,0.0,4.0,0.0,40.0
1,0708,Weldon [Belenenses],27.0,13.0,0.0,0.0,172.0,13.0,0.0,0.0,3.0,0.0,35.0
2,0708,Óscar Cardozo [Benfica],29.0,13.0,3.0,0.0,176.0,13.0,0.0,1.0,0.0,0.0,29.0
3,0708,Wesley Lopes [Paços de Ferreira],22.0,11.0,1.0,0.0,156.0,11.0,0.0,2.0,2.0,0.0,35.0
4,0708,Roland Linz [SC Braga],27.0,11.0,2.0,0.0,186.0,10.0,1.0,2.0,3.0,2.0,34.0
5,0708,Liedson [Sporting],26.0,11.0,0.0,0.0,213.0,11.0,0.0,0.0,1.0,0.0,24.0
6,0708,Marcelinho [Naval],26.0,10.0,2.0,0.0,210.0,10.0,0.0,1.0,4.0,0.0,42.0
7,0708,Lito [Académica OAF],27.0,9.0,0.0,0.0,236.0,8.0,1.0,2.0,0.0,0.0,29.0
8,0708,João Paulo [UD Leiria],17.0,8.0,0.0,0.0,148.0,6.0,2.0,0.0,0.0,0.0,32.0
9,0708,Jorge Ribeiro [Boavista],26.0,8.0,0.0,0.0,277.0,8.0,0.0,0.0,0.0,0.0,25.0
10,0708,Ricardo Quaresma [FC Porto],27.0,8.0,0.0,0.0,291.0,8.0,0.0,0.0,3.0,0.0,13.0
11,0708,José Pedro [Belenenses],30.0,8.0,3.0,0.0,326.0,8.0,0.0,1.0,1.0,0.0,22.0
12,0708,"Ariza Makukula [Benfica, Marítimo]",16.0,7.0,0.0,0.0,162.0,7.0,0.0,0.0,0.0,0.0,18.0
13,0708,Nuno Gomes [Benfica],25.0,7.0,1.0,0.0,226.0,6.0,1.0,0.0,1.0,1.0,16.0
14,0708,Simon Vukčević [Sporting],26.0,7.0,0.0,0.0,248.0,6.0,1.0,0.0,1.0,1.0,15.0
15,0708,Márcio Mossoró [Marítimo],30.0,7.0,0.0,0.0,263.0,7.0,0.0,0.0,1.0,0.0,18.0
16,0708,Cláudio Pitbull [V. Setúbal],25.0,7.0,3.0,0.0,296.0,7.0,0.0,0.0,1.0,0.0,19.0
17,0708,Jorge Gonçalves [Leixões],29.0,7.0,1.0,0.0,335.0,6.0,1.0,1.0,0.0,0.0,26.0
18,0708,Ernesto Farías [FC Porto],16.0,6.0,0.0,0.0,121.0,4.0,2.0,0.0,1.0,0.0,10.0
19,0708,Edinho [V. Setúbal],15.0,6.0,0.0,0.0,128.0,0.0,6.0,1.0,1.0,0.0,16.0
0,0809,Nenê [Nacional],28.0,20.0,1.0,0.0,125.0,20.0,0.0,1.0,2.0,0.0,43.0
1,0809,Óscar Cardozo [Benfica],26.0,17.0,4.0,0.0,111.0,15.0,2.0,1.0,2.0,0.0,31.0
2,0809,Liedson [Sporting],26.0,17.0,0.0,0.0,128.0,17.0,0.0,0.0,6.0,1.0,38.0
3,0809,Ernesto Farías [FC Porto],20.0,10.0,0.0,0.0,90.0,9.0,1.0,0.0,0.0,0.0,16.0
4,0809,Babá Diawara [Marítimo],25.0,10.0,0.0,0.0,170.0,8.0,2.0,2.0,0.0,0.0,29.0
5,0809,Lisandro López [FC Porto],28.0,10.0,1.0,0.0,224.0,10.0,0.0,0.0,1.0,0.0,16.0
6,0809,William [Paços de Ferreira],12.0,9.0,2.0,0.0,99.0,6.0,3.0,0.0,3.0,1.0,24.0
7,0809,Lucho González [FC Porto],23.0,9.0,6.0,0.0,210.0,9.0,0.0,1.0,0.0,0.0,15.0
8,0809,Hulk [FC Porto],25.0,8.0,0.0,0.0,208.0,6.0,2.0,0.0,0.0,0.0,13.0
9,0809,Roberto [V. Guimarães],25.0,8.0,0.0,0.0,231.0,8.0,0.0,0.0,2.0,0.0,25.0
10,0809,Wesley Lopes [Leixões],13.0,7.0,1.0,0.0,158.0,7.0,0.0,1.0,0.0,0.0,23.0
11,0809,Nuno Gomes [Benfica],24.0,7.0,0.0,0.0,168.0,3.0,4.0,1.0,0.0,0.0,13.0
12,0809,Meyong [SC Braga],19.0,7.0,1.0,0.0,186.0,7.0,0.0,1.0,1.0,0.0,18.0
13,0809,Derlei [Sporting],23.0,7.0,0.0,0.0,235.0,6.0,1.0,0.0,1.0,0.0,16.0
14,0809,Cristiano [Paços de Ferreira],26.0,7.0,0.0,0.0,264.0,7.0,0.0,2.0,1.0,1.0,19.0
15,0809,Lito [Académica OAF],28.0,7.0,0.0,0.0,280.0,7.0,0.0,0.0,1.0,0.0,25.0
16,0809,Nuno Assis [V. Guimarães],23.0,7.0,1.0,0.0,287.0,7.0,0.0,0.0,1.0,0.0,22.0
17,0809,Paulo César [SC Braga],18.0,6.0,0.0,0.0,136.0,5.0,1.0,1.0,1.0,0.0,16.0
18,0809,Djalma Campos [Marítimo],26.0,6.0,0.0,0.0,261.0,4.0,2.0,1.0,0.0,0.0,17.0
19,0809,Marcelinho [Naval],27.0,6.0,1.0,0.0,346.0,5.0,1.0,0.0,0.0,0.0,24.0
0,0910,Óscar Cardozo [Benfica],29.0,26.0,6.0,0.0,93.0,25.0,1.0,0.0,4.0,0.0,33.0
1,0910,Radamel Falcao [FC Porto],28.0,25.0,3.0,0.0,93.0,24.0,1.0,2.0,2.0,0.0,36.0
2,0910,Liedson [Sporting],28.0,13.0,0.0,0.0,189.0,11.0,2.0,0.0,3.0,0.0,31.0
3,0910,Djalmir [Olhanense],17.0,12.0,1.0,0.0,97.0,12.0,0.0,1.0,1.0,0.0,39.0
4,0910,Edgar Silva [Nacional],24.0,12.0,4.0,0.0,128.0,11.0,1.0,0.0,2.0,0.0,33.0
5,0910,Cássio [UD Leiria],27.0,12.0,0.0,0.0,168.0,12.0,0.0,1.0,3.0,0.0,34.0
6,0910,Meyong [SC Braga],29.0,11.0,4.0,0.0,158.0,9.0,2.0,0.0,6.0,2.0,23.0
7,0910,Javier Saviola [Benfica],27.0,11.0,0.0,0.0,190.0,11.0,0.0,0.0,2.0,0.0,14.0
8,0910,William [Paços de Ferreira],21.0,10.0,3.0,0.0,176.0,10.0,0.0,1.0,1.0,0.0,31.0
9,0910,Ladji Keita [V. Setúbal],25.0,10.0,1.0,0.0,208.0,10.0,0.0,0.0,4.0,2.0,34.0
10,0910,Modou Sougou [Académica OAF],29.0,9.0,4.0,0.0,248.0,9.0,0.0,0.0,0.0,0.0,24.0
11,0910,Kléber [Marítimo],20.0,8.0,0.0,0.0,156.0,8.0,0.0,0.0,3.0,2.0,19.0
12,0910,Silvestre Varela [FC Porto],18.0,8.0,1.0,0.0,170.0,7.0,1.0,0.0,1.0,0.0,11.0
13,0910,Alan [SC Braga],30.0,8.0,1.0,0.0,337.0,8.0,0.0,1.0,2.0,0.0,17.0
14,0910,Ernesto Farías [FC Porto],18.0,7.0,0.0,0.0,83.0,3.0,4.0,1.0,1.0,0.0,10.0
15,0910,Christian Pouga [Leixões],27.0,7.0,0.0,0.0,266.0,6.0,1.0,0.0,0.0,0.0,28.0
16,0910,Lima [Belenenses],27.0,7.0,1.0,0.0,337.0,7.0,0.0,0.0,0.0,0.0,30.0
17,0910,Hugo Morais [Leixões],29.0,7.0,6.0,1.0,347.0,7.0,0.0,1.0,3.0,1.0,28.0
18,0910,Yannick Djaló [Sporting],18.0,6.0,0.0,0.0,208.0,5.0,1.0,0.0,0.0,0.0,14.0
19,0910,João Tomás [Rio Ave],15.0,6.0,0.0,0.0,217.0,6.0,0.0,1.0,1.0,0.0,27.0
0,1011,Hulk [FC Porto],26.0,23.0,8.0,0.0,100.0,23.0,0.0,0.0,5.0,0.0,32.0
1,1011,Radamel Falcao [FC Porto],22.0,16.0,0.0,0.0,113.0,16.0,0.0,1.0,0.0,0.0,22.0
2,1011,João Tomás [Rio Ave],29.0,16.0,3.0,0.0,161.0,16.0,0.0,1.0,1.0,0.0,46.0
3,1011,Óscar Cardozo [Benfica],22.0,12.0,2.0,0.0,146.0,12.0,0.0,0.0,2.0,0.0,20.0
4,1011,Babá Diawara [Marítimo],29.0,11.0,0.0,0.0,228.0,11.0,0.0,0.0,2.0,0.0,33.0
5,1011,Silvestre Varela [FC Porto],26.0,10.0,0.0,0.0,176.0,9.0,1.0,0.0,3.0,1.0,14.0
6,1011,Edgar Silva [V. Guimarães],30.0,10.0,4.0,0.0,221.0,8.0,2.0,0.0,1.0,0.0,28.0
7,1011,Carlão [UD Leiria],14.0,9.0,4.0,0.0,119.0,8.0,1.0,0.0,2.0,1.0,36.0
8,1011,Leandro Tatu [Beira-Mar],27.0,9.0,0.0,0.0,203.0,9.0,0.0,3.0,0.0,0.0,28.0
9,1011,Saviola [Benfica],24.0,9.0,1.0,0.0,207.0,9.0,0.0,0.0,1.0,0.0,15.0
10,1011,Mario Rondón [Paços de Ferreira],27.0,9.0,0.0,0.0,223.0,7.0,2.0,0.0,2.0,0.0,26.0
11,1011,Cláudio Pitbull [V. Setúbal],26.0,9.0,2.0,0.0,248.0,9.0,0.0,1.0,1.0,0.0,31.0
12,1011,Miguel Fidalgo [Académica OAF],23.0,8.0,0.0,0.0,176.0,7.0,1.0,0.0,0.0,0.0,25.0
13,1011,Kléber [Marítimo],18.0,7.0,1.0,0.0,191.0,6.0,1.0,2.0,0.0,0.0,21.0
14,1011,Nico Gaitán [Benfica],26.0,7.0,0.0,0.0,281.0,7.0,0.0,0.0,0.0,0.0,11.0
15,1011,Pizzi [Paços de Ferreira],27.0,7.0,0.0,0.0,287.0,6.0,1.0,2.0,1.0,0.0,20.0
16,1011,Franco Jara [Benfica],26.0,6.0,0.0,0.0,171.0,3.0,3.0,0.0,0.0,0.0,10.0
17,1011,Yannick Djaló [Sporting],21.0,6.0,0.0,0.0,237.0,6.0,0.0,0.0,2.0,0.0,15.0
18,1011,Lima [SC Braga],28.0,6.0,0.0,0.0,326.0,6.0,0.0,0.0,0.0,0.0,13.0
19,1011,Hélder Postiga [Sporting],25.0,6.0,1.0,0.0,334.0,6.0,0.0,0.0,0.0,0.0,15.0
0,1112,Óscar Cardozo [Benfica],29.0,20.0,5.0,0.0,124.0,20.0,0.0,0.0,4.0,1.0,30.0
1,1112,Lima [SC Braga],30.0,20.0,5.0,0.0,127.0,20.0,0.0,1.0,1.0,0.0,34.0
2,1112,Hulk [FC Porto],26.0,16.0,7.0,0.0,129.0,16.0,0.0,1.0,5.0,1.0,23.0
3,1112,van Wolfswinkel [Sporting],25.0,14.0,5.0,0.0,139.0,12.0,2.0,0.0,5.0,1.0,30.0
4,1112,James Rodríguez [FC Porto],26.0,13.0,1.0,0.0,143.0,10.0,3.0,0.0,1.0,0.0,19.0
5,1112,Nolito [Benfica],29.0,11.0,0.0,0.0,147.0,10.0,1.0,0.0,0.0,0.0,17.0
6,1112,João Tomás [Rio Ave],27.0,11.0,4.0,0.0,195.0,11.0,0.0,1.0,1.0,0.0,33.0
7,1112,Edgar Silva [V. Guimarães],28.0,11.0,3.0,0.0,199.0,11.0,0.0,0.0,3.0,0.0,28.0
8,1112,Babá [Marítimo],15.0,10.0,0.0,0.0,120.0,9.0,1.0,1.0,4.0,1.0,24.0
9,1112,Bruno César [Benfica],26.0,10.0,0.0,0.0,165.0,8.0,2.0,0.0,3.0,1.0,15.0
10,1112,Claudemir [Nacional],25.0,10.0,7.0,0.0,224.0,10.0,0.0,2.0,0.0,0.0,21.0
11,1112,Mario Rondón [Nacional],29.0,10.0,0.0,0.0,224.0,9.0,1.0,0.0,0.0,0.0,21.0
12,1112,Lorenzo Melgarejo [Paços de Ferreira],29.0,10.0,0.0,1.0,228.0,9.0,1.0,1.0,1.0,1.0,29.0
13,1112,Kléber [FC Porto],21.0,9.0,0.0,0.0,116.0,6.0,3.0,0.0,0.0,0.0,13.0
14,1112,Rodrigo [Benfica],22.0,9.0,0.0,0.0,126.0,7.0,2.0,0.0,1.0,0.0,14.0
15,1112,Mateus [Nacional],24.0,9.0,1.0,0.0,220.0,9.0,0.0,0.0,2.0,0.0,19.0
16,1112,Michel [Paços de Ferreira],28.0,9.0,2.0,0.0,221.0,8.0,1.0,0.0,0.0,0.0,26.0
17,1112,Bédi Buval [Feirense],20.0,8.0,0.0,0.0,225.0,8.0,0.0,0.0,2.0,0.0,30.0
18,1112,Yazalde [Rio Ave],26.0,8.0,0.0,0.0,244.0,8.0,0.0,1.0,0.0,0.0,24.0
19,1112,Danilo Dias [Marítimo],30.0,8.0,0.0,0.0,283.0,8.0,0.0,1.0,1.0,0.0,20.0
0,1213,Jackson Martínez [FC Porto],30.0,26.0,4.0,0.0,103.0,26.0,0.0,2.0,4.0,2.0,37.0
1,1213,"Lima [Benfica, SC Braga]",29.0,20.0,3.0,0.0,115.0,18.0,2.0,1.0,4.0,1.0,26.0
2,1213,Óscar Cardozo [Benfica],25.0,17.0,8.0,0.0,102.0,17.0,0.0,1.0,2.0,0.0,22.0
3,1213,van Wolfswinkel [Sporting],30.0,14.0,0.0,0.0,193.0,14.0,0.0,3.0,3.0,1.0,39.0
4,1213,Meyong [V. Setúbal],16.0,13.0,5.0,0.0,110.0,13.0,0.0,1.0,2.0,0.0,43.0
5,1213,Éder [SC Braga],18.0,13.0,0.0,0.0,113.0,13.0,0.0,0.0,2.0,0.0,22.0
6,1213,Edinho [Académica OAF],27.0,13.0,2.0,0.0,132.0,8.0,5.0,3.0,1.0,1.0,39.0
7,1213,Nabil Ghilas [Moreirense],30.0,13.0,0.0,0.0,200.0,13.0,0.0,0.0,0.0,0.0,43.0
8,1213,Steven Vitória [Estoril Praia],27.0,11.0,8.0,0.0,220.0,11.0,0.0,1.0,1.0,1.0,23.0
9,1213,James Rodríguez [FC Porto],24.0,10.0,1.0,0.0,175.0,9.0,1.0,0.0,0.0,0.0,14.0
10,1213,Luís Leal [Estoril Praia],30.0,10.0,0.0,0.0,225.0,9.0,1.0,0.0,1.0,0.0,21.0
11,1213,Eduardo Salvio [Benfica],29.0,10.0,0.0,0.0,246.0,10.0,0.0,0.0,0.0,0.0,13.0
12,1213,El Arbi Soudani [V. Guimarães],21.0,9.0,0.0,0.0,191.0,9.0,0.0,0.0,3.0,1.0,25.0
13,1213,Amido Baldé [V. Guimarães],27.0,9.0,0.0,0.0,199.0,9.0,0.0,2.0,1.0,0.0,25.0
14,1213,Cícero [Paços de Ferreira],29.0,9.0,0.0,0.0,274.0,9.0,0.0,1.0,2.0,0.0,21.0
15,1213,Hugo Vieira [Gil Vicente],14.0,8.0,0.0,0.0,139.0,8.0,0.0,0.0,0.0,0.0,26.0
16,1213,Ahmed Hassan [Rio Ave],17.0,8.0,3.0,0.0,143.0,7.0,1.0,2.0,1.0,0.0,23.0
17,1213,Manuel José [Paços de Ferreira],29.0,8.0,2.0,0.0,189.0,6.0,2.0,1.0,2.0,0.0,19.0
18,1213,Mateus [Nacional],25.0,8.0,0.0,0.0,202.0,4.0,4.0,2.0,2.0,1.0,18.0
19,1213,Paolo Hurtado [Paços de Ferreira],28.0,8.0,0.0,0.0,235.0,8.0,0.0,0.0,2.0,0.0,19.0
0,1314,Jackson Martínez [FC Porto],30.0,20.0,3.0,0.0,130.0,20.0,0.0,0.0,3.0,0.0,35.0
1,1314,Derley [Marítimo],30.0,16.0,4.0,0.0,167.0,16.0,0.0,1.0,4.0,0.0,40.0
2,1314,Rafael Martins [V. Setúbal],28.0,15.0,3.0,0.0,144.0,14.0,1.0,1.0,1.0,0.0,37.0
3,1314,Lima [Benfica],28.0,14.0,3.0,0.0,168.0,14.0,0.0,1.0,3.0,1.0,24.0
4,1314,Fredy Montero [Sporting],29.0,13.0,2.0,0.0,156.0,13.0,0.0,0.0,1.0,0.0,24.0
5,1314,Mario Rondón [Nacional],30.0,12.0,0.0,0.0,186.0,11.0,1.0,1.0,3.0,0.0,28.0
6,1314,Rodrigo Moreno [Benfica],26.0,11.0,0.0,0.0,164.0,10.0,1.0,0.0,1.0,0.0,19.0
7,1314,Bebé [Paços de Ferreira],27.0,11.0,1.0,0.0,192.0,11.0,0.0,1.0,0.0,0.0,39.0
8,1314,Evandro [Estoril Praia],28.0,11.0,6.0,0.0,218.0,11.0,0.0,1.0,2.0,0.0,26.0
9,1314,"Héldon [Marítimo, Sporting]",26.0,10.0,3.0,0.0,177.0,9.0,1.0,0.0,1.0,0.0,23.0
10,1314,Islam Slimani [Sporting],26.0,8.0,0.0,0.0,139.0,4.0,4.0,0.0,4.0,2.0,15.0
11,1314,João Pedro Galvão [Estoril Praia],25.0,8.0,0.0,0.0,162.0,7.0,1.0,1.0,2.0,0.0,19.0
12,1314,Federico Dionisi [Olhanense],24.0,8.0,2.0,0.0,256.0,7.0,1.0,1.0,3.0,2.0,38.0
13,1314,Adrien Silva [Sporting],28.0,8.0,7.0,0.0,307.0,8.0,0.0,0.0,2.0,1.0,15.0
14,1314,Óscar Cardozo [Benfica],15.0,7.0,2.0,0.0,97.0,4.0,3.0,0.0,1.0,0.0,12.0
15,1314,Djaniny [Nacional],29.0,7.0,0.0,0.0,274.0,6.0,1.0,0.0,0.0,0.0,16.0
16,1314,Felipe Pardo [SC Braga],30.0,7.0,0.0,0.0,289.0,5.0,2.0,1.0,0.0,0.0,18.0
17,1314,Ricardo Horta [V. Setúbal],28.0,7.0,2.0,0.0,294.0,7.0,0.0,1.0,1.0,0.0,17.0
18,1314,Diego Barcellos [Nacional],25.0,6.0,0.0,0.0,250.0,5.0,1.0,2.0,1.0,0.0,14.0
19,1314,Ramón Cardozo [V. Setúbal],20.0,6.0,0.0,0.0,265.0,6.0,0.0,0.0,1.0,0.0,15.0
0,1415,Jackson Martínez [FC Porto],30.0,21.0,1.0,0.0,122.0,21.0,0.0,0.0,2.0,0.0,28.0
1,1415,Jonas [Benfica],27.0,20.0,1.0,0.0,111.0,19.0,1.0,0.0,2.0,1.0,23.0
2,1415,Lima [Benfica],34.0,19.0,3.0,0.0,147.0,18.0,1.0,0.0,2.0,0.0,22.0
3,1415,Marco Matias [Nacional],33.0,17.0,3.0,0.0,165.0,16.0,1.0,2.0,4.0,0.0,38.0
4,1415,Islam Slimani [Sporting],21.0,12.0,0.0,0.0,127.0,10.0,2.0,1.0,1.0,0.0,18.0
5,1415,Ahmed Hassan [Rio Ave],22.0,12.0,1.0,0.0,131.0,11.0,1.0,1.0,2.0,0.0,32.0
6,1415,Fredy Montero [Sporting],26.0,11.0,0.0,0.0,145.0,9.0,2.0,2.0,1.0,0.0,16.0
7,1415,André André [V. Guimarães],31.0,11.0,8.0,0.0,251.0,11.0,0.0,2.0,0.0,0.0,22.0
8,1415,Éder [SC Braga],29.0,10.0,2.0,0.0,173.0,9.0,1.0,1.0,1.0,0.0,18.0
9,1415,Bruno Moreira [Paços de Ferreira],28.0,10.0,0.0,0.0,211.0,10.0,0.0,0.0,1.0,0.0,25.0
10,1415,Moussa Maazou [Marítimo],18.0,9.0,1.0,0.0,141.0,7.0,2.0,0.0,1.0,1.0,20.0
11,1415,Anderson Talisca [Benfica],32.0,9.0,0.0,0.0,208.0,9.0,0.0,0.0,1.0,0.0,10.0
12,1415,Simy Nwankwo [Gil Vicente],30.0,9.0,0.0,0.0,236.0,7.0,2.0,0.0,3.0,2.0,36.0
13,1415,Eduardo Salvio [Benfica],29.0,9.0,0.0,0.0,273.0,9.0,0.0,0.0,0.0,0.0,10.0
14,1415,Ricardo Valente [V. Guimarães],16.0,8.0,0.0,0.0,145.0,8.0,0.0,0.0,2.0,0.0,16.0
15,1415,Zé Luís [SC Braga],20.0,8.0,2.0,0.0,155.0,6.0,2.0,1.0,1.0,0.0,15.0
16,1415,Deyverson [Belenenses],16.0,8.0,0.0,0.0,172.0,8.0,0.0,1.0,1.0,0.0,24.0
17,1415,Kléber [Estoril Praia],21.0,8.0,1.0,0.0,197.0,7.0,1.0,1.0,2.0,1.0,21.0
18,1415,Guedes [FC Penafiel],31.0,8.0,5.0,0.0,214.0,6.0,2.0,0.0,1.0,0.0,28.0
19,1415,Adrien Silva [Sporting],30.0,8.0,4.0,0.0,284.0,8.0,0.0,0.0,1.0,0.0,12.0
0,1516,Jonas [Benfica],34.0,32.0,7.0,0.0,89.0,32.0,0.0,0.0,3.0,1.0,36.0
1,1516,Islam Slimani [Sporting],33.0,27.0,2.0,0.0,107.0,27.0,0.0,0.0,5.0,1.0,34.0
2,1516,Kostas Mitroglou [Benfica],32.0,20.0,0.0,0.0,111.0,18.0,2.0,0.0,1.0,0.0,23.0
3,1516,Leo Bonatini [Estoril Praia],33.0,17.0,4.0,0.0,169.0,17.0,0.0,3.0,3.0,0.0,43.0
4,1516,Rafael Martins [Moreirense],27.0,16.0,4.0,1.0,143.0,16.0,0.0,1.0,3.0,0.0,42.0
5,1516,Bruno Moreira [Paços de Ferreira],29.0,14.0,4.0,1.0,166.0,14.0,0.0,0.0,1.0,0.0,33.0
6,1516,Vincent Aboubakar [FC Porto],28.0,13.0,0.0,0.0,161.0,12.0,1.0,0.0,1.0,1.0,19.0
7,1516,Nathan Júnior [CD Tondela],34.0,13.0,5.0,0.0,221.0,13.0,0.0,1.0,1.0,0.0,38.0
8,1516,Dyego Sousa [Marítimo],28.0,12.0,0.0,0.0,153.0,9.0,3.0,1.0,1.0,0.0,27.0
9,1516,Henrique Dourado [V. Guimarães],28.0,12.0,2.0,0.0,178.0,12.0,0.0,1.0,0.0,0.0,27.0
10,1516,Diogo Jota [Paços de Ferreira],31.0,12.0,0.0,0.0,230.0,12.0,0.0,0.0,4.0,1.0,28.0
11,1516,André Claro [V. Setúbal],34.0,12.0,2.0,0.0,233.0,12.0,0.0,1.0,1.0,0.0,30.0
12,1516,Teo Gutiérrez [Sporting],23.0,11.0,1.0,0.0,146.0,11.0,0.0,0.0,1.0,0.0,14.0
13,1516,"Ahmed Hassan [SC Braga, Rio Ave]",25.0,11.0,0.0,0.0,156.0,10.0,1.0,0.0,1.0,0.0,19.0
14,1516,"Suk Hyun-jun [FC Porto, V. Setúbal]",25.0,10.0,0.0,0.0,178.0,10.0,0.0,0.0,0.0,0.0,23.0
15,1516,Nikola Stojiljkovic [SC Braga],31.0,10.0,0.0,0.0,204.0,10.0,0.0,0.0,2.0,0.0,19.0
16,1516,Tiquinho Soares [Nacional],30.0,10.0,0.0,0.0,245.0,10.0,0.0,0.0,3.0,1.0,25.0
17,1516,Héctor Herrera [FC Porto],29.0,9.0,1.0,0.0,259.0,9.0,0.0,1.0,0.0,0.0,13.0
18,1516,Salvador Agra [Nacional],34.0,9.0,1.0,0.0,292.0,8.0,1.0,0.0,1.0,0.0,23.0
19,1516,Rafa Silva [SC Braga],30.0,8.0,0.0,0.0,247.0,8.0,0.0,0.0,1.0,0.0,15.0
0,1617,Bas Dost [Sporting],31.0,34.0,7.0,0.0,80.0,33.0,1.0,0.0,6.0,1.0,50.0
1,1617,"Soares [FC Porto, V. Guimarães]",31.0,19.0,2.0,0.0,142.0,19.0,0.0,2.0,3.0,1.0,17.0
2,1617,Kostas Mitroglou [Benfica],28.0,16.0,0.0,0.0,140.0,15.0,1.0,0.0,2.0,0.0,22.0
3,1617,André Silva [FC Porto],32.0,16.0,5.0,0.0,154.0,15.0,1.0,0.0,1.0,0.0,23.0
4,1617,Jonas [Benfica],19.0,13.0,5.0,0.0,102.0,13.0,0.0,0.0,1.0,0.0,18.0
5,1617,Moussa Marega [V. Guimarães],25.0,13.0,2.0,0.0,156.0,13.0,0.0,1.0,3.0,0.0,26.0
6,1617,Rui Fonte [SC Braga],26.0,11.0,0.0,0.0,201.0,9.0,2.0,0.0,1.0,0.0,22.0
7,1617,Welthon [Paços de Ferreira],28.0,11.0,0.0,0.0,223.0,11.0,0.0,0.0,2.0,0.0,34.0
8,1617,Pizzi [Benfica],33.0,10.0,0.0,0.0,285.0,10.0,0.0,0.0,1.0,0.0,14.0
9,1617,Diogo Jota [FC Porto],27.0,8.0,0.0,0.0,182.0,4.0,4.0,0.0,0.0,0.0,11.0
10,1617,Edinho [V. Setúbal],26.0,8.0,1.0,0.0,212.0,8.0,0.0,0.0,1.0,0.0,27.0
11,1617,Hernâni [V. Guimarães],27.0,8.0,0.0,0.0,224.0,6.0,2.0,0.0,1.0,0.0,16.0
12,1617,Kléber [Estoril Praia],26.0,8.0,3.0,0.0,226.0,7.0,1.0,1.0,1.0,0.0,22.0
13,1617,Guedes [Rio Ave],31.0,8.0,0.0,0.0,241.0,8.0,0.0,1.0,1.0,0.0,20.0
14,1617,Raúl Jiménez [Benfica],19.0,7.0,2.0,0.0,110.0,6.0,1.0,1.0,2.0,0.0,10.0
15,1617,Emmanuel Boateng [Moreirense],26.0,7.0,0.0,0.0,233.0,5.0,2.0,1.0,1.0,0.0,21.0
16,1617,Iuri Medeiros [Boavista],27.0,7.0,0.0,0.0,328.0,7.0,0.0,0.0,3.0,1.0,21.0
17,1617,Raul Silva [Marítimo],29.0,7.0,0.0,0.0,371.0,7.0,0.0,1.0,1.0,0.0,21.0
18,1617,Maurides [Belenenses],12.0,6.0,1.0,0.0,155.0,6.0,0.0,0.0,1.0,1.0,22.0
19,1617,Kuca [FC Arouca],24.0,6.0,1.0,0.0,173.0,4.0,2.0,1.0,3.0,0.0,18.0
0,1718,Jonas [Benfica],30.0,34.0,8.0,0.0,73.0,34.0,0.0,3.0,3.0,0.0,43.0
1,1718,Bas Dost [Sporting],30.0,27.0,5.0,0.0,96.0,25.0,2.0,0.0,7.0,0.0,43.0
2,1718,Moussa Marega [FC Porto],29.0,22.0,0.0,0.0,110.0,20.0,2.0,0.0,2.0,0.0,27.0
3,1718,Vincent Aboubakar [FC Porto],28.0,15.0,1.0,0.0,135.0,15.0,0.0,0.0,2.0,0.0,18.0
4,1718,Fabrício Messias [Portimonense],29.0,15.0,3.0,0.0,161.0,14.0,1.0,1.0,0.0,0.0,29.0
5,1718,Raphinha [V. Guimarães],32.0,15.0,2.0,0.0,186.0,15.0,0.0,1.0,1.0,0.0,33.0
6,1718,Paulinho [SC Braga],30.0,13.0,1.0,0.0,163.0,10.0,3.0,0.0,1.0,0.0,18.0
7,1718,Paolo Hurtado [V. Guimarães],25.0,11.0,4.0,0.0,160.0,10.0,1.0,0.0,2.0,0.0,24.0
8,1718,Ricardo Horta [SC Braga],30.0,11.0,0.0,0.0,187.0,10.0,1.0,0.0,1.0,0.0,15.0
9,1718,William Oliveira [GD Chaves],28.0,11.0,0.0,0.0,206.0,10.0,1.0,2.0,0.0,0.0,23.0
10,1718,Bruno Fernandes [Sporting],33.0,11.0,2.0,0.0,255.0,11.0,0.0,1.0,2.0,1.0,17.0
11,1718,Shoya Nakajima [Portimonense],29.0,10.0,0.0,0.0,250.0,10.0,0.0,1.0,2.0,0.0,19.0
12,1718,Guedes [Rio Ave],32.0,10.0,0.0,0.0,258.0,10.0,0.0,0.0,0.0,0.0,25.0
13,1718,Joel Tagueu [Marítimo],15.0,9.0,0.0,0.0,129.0,9.0,0.0,2.0,1.0,1.0,25.0
14,1718,Edinho [V. Setúbal],33.0,9.0,4.0,0.0,177.0,7.0,2.0,1.0,1.0,0.0,23.0
15,1718,Toto Salvio [Benfica],26.0,9.0,0.0,0.0,179.0,7.0,2.0,0.0,1.0,0.0,11.0
16,1718,João Amaral [V. Setúbal],33.0,9.0,0.0,0.0,251.0,9.0,0.0,0.0,0.0,0.0,23.0
17,1718,Tomané [CD Tondela],32.0,9.0,1.0,0.0,299.0,9.0,0.0,2.0,0.0,0.0,22.0
18,1718,Pedro Tiba [GD Chaves],31.0,9.0,5.0,0.0,300.0,9.0,0.0,1.0,3.0,1.0,19.0
19,1718,Yacine Brahimi [FC Porto],33.0,9.0,0.0,0.0,307.0,9.0,0.0,0.0,1.0,0.0,11.0
0,1819,Haris Seferovic [Benfica],29.0,23.0,0.0,0.0,86.0,19.0,4.0,0.0,3.0,0.0,22.0
1,1819,Bruno Fernandes [Sporting],33.0,20.0,6.0,0.0,147.0,20.0,0.0,0.0,1.0,1.0,28.0
2,1819,Rafa Silva [Benfica],26.0,17.0,0.0,0.0,113.0,16.0,1.0,0.0,1.0,1.0,17.0
3,1819,Bas Dost [Sporting],22.0,15.0,8.0,0.0,106.0,14.0,1.0,1.0,1.0,0.0,21.0
4,1819,João Félix [Benfica],26.0,15.0,0.0,0.0,116.0,14.0,1.0,1.0,0.0,0.0,15.0
5,1819,Soares [FC Porto],28.0,15.0,3.0,0.0,137.0,14.0,1.0,0.0,3.0,1.0,20.0
6,1819,Dyego Sousa [SC Braga],33.0,15.0,2.0,0.0,161.0,15.0,0.0,1.0,3.0,0.0,27.0
7,1819,Pizzi [Benfica],34.0,13.0,5.0,0.0,215.0,13.0,0.0,0.0,1.0,0.0,13.0
8,1819,Wilson Eduardo [SC Braga],32.0,12.0,5.0,0.0,179.0,12.0,0.0,0.0,2.0,1.0,21.0
9,1819,Tomané [CD Tondela],31.0,12.0,4.0,0.0,226.0,12.0,0.0,1.0,0.0,0.0,30.0
10,1819,Jonas [Benfica],22.0,11.0,1.0,0.0,93.0,7.0,4.0,0.0,2.0,0.0,11.0
11,1819,Moussa Marega [FC Porto],29.0,11.0,1.0,0.0,227.0,11.0,0.0,0.0,3.0,2.0,15.0
12,1819,Licá [Belenenses SAD],34.0,11.0,0.0,0.0,258.0,11.0,0.0,0.0,2.0,0.0,26.0
13,1819,Bryan Róchez [Nacional],30.0,10.0,4.0,0.0,176.0,6.0,4.0,0.0,1.0,0.0,30.0
14,1819,Yacine Brahimi [FC Porto],32.0,10.0,0.0,0.0,233.0,9.0,1.0,0.0,0.0,0.0,14.0
15,1819,Bruno Moreira [Rio Ave],29.0,9.0,0.0,0.0,189.0,8.0,1.0,1.0,1.0,0.0,18.0
16,1819,Jhonder Cádiz [V. Setúbal],31.0,9.0,2.0,0.0,248.0,8.0,1.0,1.0,3.0,0.0,32.0
17,1819,Jackson Martínez [Portimonense],27.0,9.0,1.0,0.0,248.0,9.0,0.0,1.0,1.0,1.0,20.0
18,1819,Tozé [V. Guimarães],31.0,9.0,5.0,0.0,289.0,8.0,1.0,0.0,3.0,0.0,20.0
19,1819,Luiz Phellype [Sporting],14.0,8.0,0.0,0.0,105.0,8.0,0.0,0.0,1.0,0.0,11.0
0,1920,Carlos Vinícius [Benfica],32.0,18.0,0.0,0.0,99.0,12.0,6.0,0.0,3.0,0.0,25.0
1,1920,Mehdi Taremi [Rio Ave],30.0,18.0,7.0,0.0,131.0,17.0,1.0,3.0,4.0,1.0,38.0
2,1920,Pizzi [Benfica],34.0,18.0,5.0,0.0,157.0,18.0,0.0,2.0,1.0,1.0,25.0
3,1920,Paulinho [SC Braga],29.0,17.0,2.0,0.0,135.0,17.0,0.0,1.0,4.0,1.0,28.0
4,1920,Fábio Abreu [Moreirense],33.0,13.0,0.0,0.0,184.0,12.0,1.0,2.0,1.0,0.0,31.0
5,1920,Moussa Marega [FC Porto],29.0,12.0,0.0,0.0,193.0,12.0,0.0,0.0,2.0,0.0,16.0
6,1920,Fábio Martins [FC Famalicão],29.0,12.0,6.0,0.0,206.0,12.0,0.0,1.0,1.0,0.0,23.0
7,1920,Ricardo Horta [SC Braga],33.0,12.0,0.0,0.0,220.0,12.0,0.0,0.0,0.0,0.0,20.0
8,1920,Douglas Tanque [Paços de Ferreira],29.0,11.0,1.0,0.0,176.0,8.0,3.0,0.0,1.0,0.0,31.0
9,1920,Alex Telles [FC Porto],31.0,11.0,8.0,0.0,230.0,11.0,0.0,1.0,2.0,0.0,15.0
10,1920,Tiquinho Soares [FC Porto],30.0,10.0,0.0,0.0,169.0,8.0,2.0,0.0,1.0,0.0,14.0
11,1920,Toni Martínez [FC Famalicão],32.0,10.0,0.0,0.0,219.0,8.0,2.0,2.0,1.0,0.0,19.0
12,1920,Sandro Lima [Gil Vicente],32.0,10.0,3.0,0.0,254.0,8.0,2.0,2.0,2.0,0.0,25.0
13,1920,Rodrigo Pinho [Marítimo],27.0,9.0,1.0,0.0,178.0,6.0,3.0,0.0,2.0,1.0,26.0
14,1920,João Carlos Teixeira [V. Guimarães],21.0,8.0,0.0,0.0,166.0,6.0,2.0,1.0,1.0,1.0,15.0
15,1920,Bruno Fernandes [Sporting],17.0,8.0,4.0,0.0,191.0,8.0,0.0,1.0,2.0,0.0,16.0
16,1920,Francisco Trincão [SC Braga],27.0,8.0,0.0,0.0,197.0,6.0,2.0,0.0,1.0,0.0,13.0
17,1920,Bruno Duarte [V. Guimarães],24.0,8.0,0.0,0.0,199.0,7.0,1.0,0.0,1.0,0.0,15.0
18,1920,Bozhidar Kraev [Gil Vicente],32.0,8.0,0.0,0.0,283.0,7.0,1.0,0.0,2.0,1.0,20.0
19,1920,Mehrdad Mohammadi [CD Aves],28.0,8.0,3.0,0.0,291.0,8.0,0.0,0.0,2.0,0.0,33.0
0,2021,Haris Seferovic [Benfica],27.0,18.0,0.0,0.0,106.0,13.0,5.0,0.0,1.0,0.0,31.0
1,2021,Pedro Gonçalves [Sporting],28.0,17.0,0.0,0.0,140.0,17.0,0.0,0.0,4.0,1.0,31.0
2,2021,Mario González [CD Tondela],23.0,13.0,0.0,0.0,141.0,13.0,0.0,0.0,4.0,0.0,41.0
3,2021,Mehdi Taremi [FC Porto],30.0,13.0,2.0,0.0,150.0,11.0,2.0,1.0,2.0,0.0,21.0
4,2021,Sérgio Oliveira [FC Porto],29.0,12.0,7.0,0.0,183.0,12.0,0.0,1.0,0.0,0.0,20.0
5,2021,Beto [Portimonense],26.0,11.0,0.0,0.0,147.0,10.0,1.0,0.0,2.0,0.0,33.0
6,2021,Carlos Júnior [Santa Clara],28.0,10.0,2.0,1.0,242.0,10.0,0.0,2.0,1.0,1.0,27.0
7,2021,Rodrigo Pinho [Marítimo],18.0,9.0,1.0,0.0,138.0,9.0,0.0,0.0,2.0,1.0,36.0
8,2021,Óscar Estupiñán [V. Guimarães],19.0,8.0,0.0,0.0,198.0,8.0,0.0,1.0,1.0,0.0,24.0
9,2021,Joel Tagueu [Marítimo],29.0,8.0,1.0,0.0,250.0,7.0,1.0,0.0,3.0,0.0,32.0
10,2021,Ricardo Horta [SC Braga],28.0,8.0,2.0,0.0,276.0,8.0,0.0,0.0,1.0,1.0,16.0
11,2021,Ryan Gauld [Farense],29.0,8.0,4.0,0.0,321.0,8.0,0.0,1.0,1.0,0.0,30.0
12,2021,Thiago Santana [Santa Clara],9.0,7.0,1.0,0.0,109.0,7.0,0.0,0.0,2.0,0.0,19.0
13,2021,Anderson Oliveira [FC Famalicão],20.0,7.0,0.0,0.0,142.0,6.0,1.0,1.0,0.0,0.0,21.0
14,2021,Luca Waldschmidt [Benfica],25.0,7.0,1.0,0.0,189.0,5.0,2.0,0.0,2.0,1.0,12.0
15,2021,Mateo Cassierra [Belenenses SAD],28.0,7.0,0.0,0.0,232.0,7.0,0.0,2.0,0.0,0.0,33.0
16,2021,Samuel Lino [Gil Vicente],29.0,7.0,2.0,0.0,252.0,4.0,3.0,0.0,1.0,0.0,25.0
17,2021,Moussa Marega [FC Porto],29.0,7.0,0.0,0.0,278.0,7.0,0.0,1.0,1.0,0.0,11.0
18,2021,Alberth Elis [Boavista],27.0,7.0,0.0,0.0,313.0,7.0,0.0,0.0,0.0,0.0,20.0
19,2021,Douglas Tanque [Paços de Ferreira],27.0,7.0,2.0,0.0,321.0,7.0,0.0,0.0,3.0,0.0,20.0
0,2021,Haris Seferovic [Benfica],27.0,18.0,0.0,0.0,106.0,13.0,5.0,0.0,1.0,0.0,31.0
1,2021,Pedro Gonçalves [Sporting],28.0,17.0,0.0,0.0,140.0,17.0,0.0,0.0,4.0,1.0,31.0
2,2021,Mario González [CD Tondela],23.0,13.0,0.0,0.0,141.0,13.0,0.0,0.0,4.0,0.0,41.0
3,2021,Mehdi Taremi [FC Porto],30.0,13.0,2.0,0.0,150.0,11.0,2.0,1.0,2.0,0.0,21.0
4,2021,Sérgio Oliveira [FC Porto],29.0,12.0,7.0,0.0,183.0,12.0,0.0,1.0,0.0,0.0,20.0
5,2021,Beto [Portimonense],26.0,11.0,0.0,0.0,147.0,10.0,1.0,0.0,2.0,0.0,33.0
6,2021,Carlos Júnior [Santa Clara],28.0,10.0,2.0,1.0,242.0,10.0,0.0,2.0,1.0,1.0,27.0
7,2021,Rodrigo Pinho [Marítimo],18.0,9.0,1.0,0.0,138.0,9.0,0.0,0.0,2.0,1.0,36.0
8,2021,Óscar Estupiñán [V. Guimarães],19.0,8.0,0.0,0.0,198.0,8.0,0.0,1.0,1.0,0.0,24.0
9,2021,Joel Tagueu [Marítimo],29.0,8.0,1.0,0.0,250.0,7.0,1.0,0.0,3.0,0.0,32.0
10,2021,Ricardo Horta [SC Braga],28.0,8.0,2.0,0.0,276.0,8.0,0.0,0.0,1.0,1.0,16.0
11,2021,Ryan Gauld [Farense],29.0,8.0,4.0,0.0,321.0,8.0,0.0,1.0,1.0,0.0,30.0
12,2021,Thiago Santana [Santa Clara],9.0,7.0,1.0,0.0,109.0,7.0,0.0,0.0,2.0,0.0,19.0
13,2021,Anderson Oliveira [FC Famalicão],20.0,7.0,0.0,0.0,142.0,6.0,1.0,1.0,0.0,0.0,21.0
14,2021,Luca Waldschmidt [Benfica],25.0,7.0,1.0,0.0,189.0,5.0,2.0,0.0,2.0,1.0,12.0
15,2021,Mateo Cassierra [Belenenses SAD],28.0,7.0,0.0,0.0,232.0,7.0,0.0,2.0,0.0,0.0,33.0
16,2021,Samuel Lino [Gil Vicente],29.0,7.0,2.0,0.0,252.0,4.0,3.0,0.0,1.0,0.0,25.0
17,2021,Moussa Marega [FC Porto],29.0,7.0,0.0,0.0,278.0,7.0,0.0,1.0,1.0,0.0,11.0
18,2021,Alberth Elis [Boavista],27.0,7.0,0.0,0.0,313.0,7.0,0.0,0.0,0.0,0.0,20.0
19,2021,Douglas Tanque [Paços de Ferreira],27.0,7.0,2.0,0.0,321.0,7.0,0.0,0.0,3.0,0.0,20.0
